id,domain,status,purchase_price,renewal_price,attractiveness,demand,length,registrar,created_at,expires_at,status_verified_at
4d699a96-90fb-46cb-b344-e0837e8bf7be,cooked.ceo,available,10.19,129.99,high,low,6,namesilo,,,23/09/2026 22:56
6fb06b21-5fad-4f9a-bd3d-66785e3c2057,erratum.ceo,available,9.99,124.98,medium,low,7,namecheap,,,24/08/2026 07:21
2c6d37bf-e0e4-4feb-aeaf-0977d084ab28,granola.ceo,available,85.2,70.2,high,low,7,cloudflare,,,29/09/2026 21:28
23db38dd-147f-4735-b3fb-934f66e3af17,chromosome.ceo,available,9.99,107.22,medium,low,10,dynadot,,,30/09/2026 09:09
0bc91a49-d2a4-406c-a11b-8900eb14523c,taradiddle.ceo,available,10.19,129.99,medium,low,10,namesilo,,,21/09/2026 23:52
f8aa6991-88d5-4034-a062-dd3ba5d68564,mislabeled.ceo,available,9.99,124.98,medium,low,10,namecheap,,,25/08/2026 01:21
7679a0a5-aa53-4ae4-8b78-a8ab1fc37c43,lipstick.ceo,available,10.19,129.99,high,low,8,namesilo,,,28/09/2026 02:36
7d10bef0-42df-41ce-baf9-0db01fd9758d,knocked.ceo,available,10.19,129.99,low,low,7,namesilo,,,25/09/2026 18:45
98ebb7dc-484f-484e-8ce5-2d22c48541b6,peck.ceo,available,9.99,124.98,high,low,4,namecheap,,,25/08/2026 00:37
a96064ee-0387-4b93-92f1-216d1fdc9b4b,solidus.ceo,available,10.19,129.99,high,low,7,namesilo,,,23/09/2026 12:18
e3cd1f54-59d1-4a75-98d1-d8e2e4407494,vet.ceo,available,9.99,146.98,high,low,3,namecheap,,,13/09/2026 05:01
32919e15-07dc-4224-8ac1-d2778fdcf858,dumping.ceo,available,9.19,103.7,medium,low,7,spaceship,,,28/09/2026 13:56
d0d759f7-3d30-42e1-b1ad-a51ce79b29c5,subhuman.ceo,available,9.99,146.98,medium,low,8,namecheap,,,10/09/2026 23:56
2f0cb0ba-9beb-4a51-bab0-6f3e6275212f,performs.ceo,available,19.99,,medium,low,8,name.com,,,
bf314e7a-fa54-469d-b93e-607b7abc73f2,winifred.ceo,premium,254.72,254.72,medium,low,8,namesilo,,,28/09/2026 21:52
d368c4e7-deba-40bc-9e35-3bb8c49be7fa,unlabeled.ceo,available,9.99,146.98,medium,low,9,namecheap,,,12/09/2026 14:28
197484f0-1001-4fe9-8748-197e44dccebe,sexual.ceo,premium,518.96,518.96,high,low,6,namecheap,,,27/09/2026 20:20
23d0fd20-b7bf-48dd-aa50-f5e991a7773f,chiliad.ceo,available,,,high,low,7,,,,
450aa49e-223b-4fd3-9db5-7e8d1203bf7e,army.ceo,available,10.19,129.99,high,low,4,namesilo,,,20/09/2026 07:50
1aaebb12-243e-48cf-867d-da871467d974,shelter.ceo,available,85.2,70.2,high,low,7,cloudflare,,,30/09/2026 11:05
7d4f0a4c-451c-4d57-a217-f15ebb6da3bb,mauldin.ceo,available,9.99,146.98,medium,low,7,namecheap,,,23/09/2026 16:01
69427fd8-d0f0-4cdf-814c-c829ec0e6a48,meantime.ceo,available,10.19,129.99,high,low,8,namesilo,,,25/09/2026 10:12
e8356d22-a569-46c6-ba0d-84dd87acba33,currish.ceo,available,9.99,124.98,low,low,7,namecheap,,,13/08/2026 11:31
fca10618-851b-497c-9c77-e9bf32e9605b,duple.ceo,available,9.99,124.98,medium,low,5,namecheap,,,14/08/2026 20:37
3d36a033-315d-4652-bb2c-ab6ef0a69c22,descendants.ceo,available,9.19,103.7,high,low,11,spaceship,,,30/09/2026 22:55
0df711b3-5fb0-4c4c-be5c-1fc998b306c4,theatrical.ceo,available,9.99,146.98,high,low,10,namecheap,,,11/09/2026 12:33
e5791bba-24db-4669-b381-1bfecb941717,bicycles.ceo,available,19.99,149.99,medium,low,8,name.com,,,18/09/2026 23:48
802285eb-94f7-4071-b800-0ab463c5d9e3,coffee.ceo,premium,510.98,510.98,high,medium,6,namesilo,,,29/09/2026 10:14
2c94466d-7eae-4701-8456-4d3ec04ab5e0,sudsy.ceo,available,9.99,124.98,medium,low,5,namecheap,,,22/08/2026 20:37
5e16a178-0c2c-4cdd-b0ef-f4838912a28c,pattern.ceo,available,9.99,124.98,high,low,7,namecheap,,,25/08/2026 02:49
fb189146-5941-4f2f-a6c1-5478e7cf3365,chequebook.ceo,available,10.19,129.99,medium,low,10,namesilo,,,24/09/2026 13:58
8cf6ddb2-da8a-45bd-a324-83099c476701,symbol.ceo,available,9.19,103.7,high,low,6,spaceship,,,28/09/2026 09:07
119d4cce-cfec-4947-be28-73ba4815616a,thu.ceo,available,9.19,103.7,medium,low,3,spaceship,,,30/09/2026 19:35
78f3a21a-b5d9-44f0-8092-4bf9491fab98,fortunate.ceo,available,9.99,124.98,high,low,9,namecheap,,,18/08/2026 12:47
dbbbb29f-734e-403f-8e8d-9fa30656bafb,ovoid.ceo,available,9.99,124.98,medium,low,5,namecheap,,,15/08/2026 18:50
6bf67e7c-488e-4c97-ae8d-5b3e0342ad11,rebound.ceo,available,10.19,129.99,high,low,7,namesilo,,,21/09/2026 15:40
e81290fb-d91e-4443-90ad-f65c5d462974,watersheds.ceo,available,85.2,70.2,medium,low,10,cloudflare,,,28/09/2026 23:41
9d968faf-2f08-40f7-bcdc-5841741cafdf,tousled.ceo,available,9.99,124.98,medium,low,7,namecheap,,,14/08/2026 11:02
ddb4486b-6730-4c5e-85fe-00837ca72021,shoddy.ceo,available,9.99,124.98,medium,low,6,namecheap,,,12/08/2026 03:27
40552b0a-f1f7-4370-8646-c5430babe44d,pyretic.ceo,available,9.99,146.98,medium,low,7,namecheap,,,09/09/2026 07:03
9ad0457f-ef26-466b-acc7-686da4984414,invade.ceo,available,9.78,103.5,medium,low,6,porkbun,,,28/09/2026 15:34
d8d7b061-a462-4e7b-95dc-978621d86fce,oozy.ceo,available,9.99,146.98,medium,low,4,namecheap,,,04/09/2026 15:30
762a6977-1736-4db8-9baa-71610cba1a94,opaline.ceo,available,9.99,146.98,medium,low,7,namecheap,,,04/09/2026 15:45
38aa6cf1-aed0-440d-adfb-0d49fdb10db7,recovered.ceo,available,9.99,124.98,high,low,9,namecheap,,,13/08/2026 11:06
d7475985-33c0-4860-be97-2284fa2178b9,downstair.ceo,available,9.99,124.98,medium,low,9,namecheap,,,14/08/2026 17:57
afdd9f16-d933-400c-93cc-80377f9d0d18,thorium.ceo,available,9.99,146.98,high,low,7,namecheap,,,21/09/2026 00:04
6bd6e591-cb4f-442f-b324-1148859545a6,advertiser.ceo,available,10.19,129.99,high,low,10,namesilo,,,17/09/2026 08:38
6fbdae6b-4cd3-4f83-9c21-80472365fcef,curious.ceo,available,10.19,129.99,high,low,7,namesilo,,,24/09/2026 03:57
dfe86fb9-3089-4149-b645-d72d4402f2e1,hebridean.ceo,available,9.99,124.98,medium,low,9,namecheap,,,21/08/2026 05:45
22edab90-aaf8-40a4-810e-f07f9ba3407e,octavian.ceo,available,9.99,146.98,high,low,8,namecheap,,,21/09/2026 04:03
6a1277ba-8a04-4473-a197-376cd7c5c20d,lone.ceo,available,10.19,129.99,medium,low,4,namesilo,,,28/09/2026 22:59
d16bacb8-8edb-4401-a8d9-499bafce3f99,scholars.ceo,available,10.19,129.99,high,low,8,namesilo,,,30/09/2026 15:27
9414d354-cc5e-468c-802a-15a92aa86ca8,mucose.ceo,available,9.99,146.98,medium,low,6,namecheap,,,03/09/2026 10:16
6453a604-56ed-478d-9964-ec745f23dbcf,dryness.ceo,available,10.19,129.99,high,low,7,namesilo,,,24/09/2026 22:51
1e529491-a9b0-4dc6-a153-08d778eaac40,alpaca.ceo,available,10.19,129.99,high,low,6,namesilo,,,18/09/2026 13:31
a14ba4a8-0ba5-47a4-96ef-fa91e12ffa2a,criterion.ceo,available,85.2,70.2,high,low,9,cloudflare,,,28/09/2026 00:29
e2658a4d-b726-40dd-95f2-4da52a73586b,toys.ceo,premium,258.7,258.7,high,low,4,namecheap,,,20/09/2026 06:04
ed90400e-4470-482c-8ce9-876c7a02f0b4,devote.ceo,available,85.2,70.2,high,low,6,cloudflare,,,30/09/2026 18:31
f4db684c-9780-4062-9a4d-d52423cee541,provision.ceo,available,10.19,129.99,high,low,9,namesilo,,,30/09/2026 08:49
c1aa1a2f-07ce-49b9-94d4-e0c369a029af,enlargement.ceo,available,9.99,146.98,high,low,11,namecheap,,,30/09/2026 22:28
72501989-7e34-4b7b-8429-56d571c2e352,yeah.ceo,available,9.19,103.7,high,low,4,spaceship,,,28/09/2026 16:49
c93826ed-3b8b-4eab-8375-6d47dd67e58a,radiantly.ceo,available,9.99,146.98,medium,low,9,namecheap,,,15/09/2026 22:18
e793aebc-1108-4891-ab07-7794d615e088,pith.ceo,available,9.99,146.98,high,low,4,namecheap,,,14/09/2026 23:55
e8d905a9-267f-45ad-86a4-1d5bc5b542c6,donovan.ceo,available,9.19,103.7,high,low,7,spaceship,,,28/09/2026 16:02
30dccac0-6871-4c43-8f42-8c7e0979fd3c,review.ceo,available,9.19,103.7,high,medium,6,spaceship,,,29/09/2026 04:52
55b23fdf-a652-4f02-8e14-22ce5dc61773,honeyed.ceo,available,9.99,124.98,medium,low,7,namecheap,,,21/08/2026 13:23
ee8b3211-badb-4a23-b33b-34ad248e4c4a,ration.ceo,available,10.19,129.99,high,low,6,namesilo,,,30/09/2026 02:40
816c12a7-f3d3-44f8-9a6e-ae652c409fdd,quercus.ceo,available,10.19,129.99,high,low,7,namesilo,,,28/09/2026 05:49
502d8de2-b74c-45c8-800c-de71e5d731d2,combined.ceo,available,9.99,124.98,high,low,8,namecheap,,,12/08/2026 18:36
071e040a-1f8f-4e87-b8c1-93b235099e21,forgotten.ceo,available,9.99,124.98,high,low,9,namecheap,,,14/08/2026 12:18
343c9b7a-fcac-43cf-bc8a-30b6ff8850a7,garret.ceo,available,9.99,124.98,medium,low,6,namecheap,,,07/08/2026 15:51
19f4a42c-9f2f-4448-94fd-749643391aad,adenine.ceo,available,10.19,129.99,medium,low,7,namesilo,,,17/09/2026 07:24
d98ad538-402f-4a5a-bcf5-e3cfb87c51da,lately.ceo,available,85.2,70.2,medium,low,6,cloudflare,,,28/09/2026 16:06
b290207b-f0db-40f2-8a0b-803b3f9cde95,aigina.ceo,available,9.99,146.98,medium,low,6,namecheap,,,17/09/2026 12:15
249873f0-885b-4401-9aac-1d82c3b9e29f,balzac.ceo,available,10.19,129.99,medium,low,6,namesilo,,,22/09/2026 00:32
64e860fa-0cce-4cd1-a84a-7ffdd0b2306e,scheme.ceo,available,10.19,129.99,high,low,6,namesilo,,,30/09/2026 10:40
f74a825d-fc66-4345-971f-bff8e3151ce4,pokey.ceo,available,9.99,124.98,medium,low,5,namecheap,,,14/08/2026 07:36
c1355631-3aaa-4e82-86a3-5b5ad86b54a1,neuronal.ceo,available,9.99,146.98,medium,low,8,namecheap,,,03/09/2026 16:20
775fe6f1-6dfb-4a1e-8d66-6d9097799285,argiope.ceo,available,10.19,129.99,medium,low,7,namesilo,,,20/09/2026 04:25
e8ca908d-0224-496c-ba7b-3b492398bae3,beatified.ceo,available,9.99,124.98,medium,low,9,namecheap,,,09/08/2026 05:53
37be9490-1171-4137-ab82-9f38c9236c25,salim.ceo,available,10.19,129.99,high,low,5,namesilo,,,19/09/2026 04:37
4199c4ba-b011-4557-8cad-7e36064e4999,fluvial.ceo,available,9.99,124.98,medium,low,7,namecheap,,,18/08/2026 09:35
0621119e-2a10-4040-8d4f-1b9504d4304c,gently.ceo,available,9.19,103.7,high,low,6,spaceship,,,28/09/2026 14:58
390fdd66-782e-4335-af56-96499074074f,braun.ceo,available,10.19,129.99,high,low,5,namesilo,,,25/09/2026 02:19
ea5ac2ed-5e82-483b-a69e-f8069f25af4b,tends.ceo,available,85.2,70.2,medium,low,5,cloudflare,,,29/09/2026 04:58
15df1dcd-f7de-4805-a86e-795626dc6e8d,bitches.ceo,available,9.19,103.7,low,low,7,spaceship,,,30/09/2026 06:28
4512e939-31d6-4577-bb1d-841286fbb659,peaceable.ceo,available,9.99,146.98,high,low,9,namecheap,,,08/09/2026 11:08
a3d396a1-4be3-481d-b682-f63ff641b97f,brass.ceo,available,85.2,70.2,high,low,5,cloudflare,,,29/09/2026 03:59
91b40214-0753-4ac6-bfe7-ba6cea8e53c0,antiquity.ceo,available,10.19,129.99,medium,low,9,namesilo,,,19/09/2026 03:50
572c507d-c3be-4405-b8f8-74c0ae9e05b8,dubuque.ceo,available,9.19,103.7,medium,low,7,spaceship,,,28/09/2026 05:32
28c549ff-3559-4121-b609-d927e7a6770a,gardener.ceo,available,10.19,129.99,medium,low,8,namesilo,,,28/09/2026 09:51
edaf2911-e177-407d-81c1-d8c8475232a4,recommended.ceo,available,9.19,103.7,medium,low,11,spaceship,,,28/09/2026 08:36
eaa27d98-4e7b-4b31-b3e4-7f76c7bcd862,abjurer.ceo,available,10.19,129.99,medium,low,7,namesilo,,,16/09/2026 16:02
b138a38c-5158-4bff-a020-a2eff12e7b12,luminary.ceo,available,9.99,146.98,high,low,8,namecheap,,,03/09/2026 22:03
eefcdf2b-275c-4f90-8b9f-362adcf3030f,unicorns.ceo,available,10.19,109.99,high,low,8,namesilo,,,
332c6a7e-e6ec-48fa-905c-9807ce520b15,audibly.ceo,available,9.99,146.98,medium,low,7,namecheap,,,13/09/2026 22:44
cf827395-04ff-4f36-bf95-4c959b114d78,acrodont.ceo,available,10.19,129.99,medium,low,8,namesilo,,,17/09/2026 03:41
a7c2d562-d46e-4525-98d8-4ae621acc2fa,roosevelt.ceo,premium,254.72,254.72,high,low,9,namesilo,,,19/09/2026 09:58
1f78df33-3076-4003-a859-1ef1a7e8ea4b,frustrating.ceo,available,9.19,103.7,medium,low,11,spaceship,,,29/09/2026 14:46
4ec9423b-8a18-45e8-9670-68fe82fc4fb3,kweek.ceo,available,9.99,146.98,medium,low,5,namecheap,,,21/09/2026 18:35
4e172171-de01-4983-a0e0-fdc752e58b17,hobble.ceo,available,9.99,124.98,medium,low,6,namecheap,,,23/08/2026 13:26
d7a99cc0-9298-41e9-bf0a-a6dde0d7d5b9,modifications.ceo,available,9.78,103.5,medium,low,13,porkbun,,,30/09/2026 23:18
ad47ee78-28de-44bf-9112-a95272a78551,impala.ceo,available,10.19,129.99,medium,low,6,namesilo,,,17/09/2026 12:44
6eb573f0-0a70-4b07-80c1-967bfcafb134,proximate.ceo,available,9.99,146.98,high,low,9,namecheap,,,09/09/2026 04:46
34cd444e-472a-4dd8-a490-8731f5c1cfe2,rejoicing.ceo,available,9.99,124.98,high,low,9,namecheap,,,17/08/2026 19:50
4d43095f-2f8b-46a2-ae2b-9cdff4c0b107,advisors.ceo,premium,413.37,413.37,medium,low,8,spaceship,,,28/09/2026 17:13
92157fac-067a-4003-a880-9fb381f72ea0,bringing.ceo,available,10.19,129.99,high,low,8,namesilo,,,29/09/2026 04:22
084788ec-951b-4ef8-a87e-ab7ee57454aa,thiamin.ceo,available,10.19,129.99,medium,low,7,namesilo,,,19/09/2026 05:39
2450914d-0ff0-496d-a3d0-59d9673945c6,coral.ceo,available,10.19,129.99,high,low,5,namesilo,,,23/09/2026 23:19
7b85c50d-01a9-47dd-a47c-404ee0366758,conduction.ceo,available,85.2,70.2,high,low,10,cloudflare,,,29/09/2026 10:47
c291fb3d-dd7f-4ba4-a920-382c95e961e2,pharos.ceo,available,9.99,146.98,high,low,6,namecheap,,,22/09/2026 19:15
1b2843ad-85e0-4547-aed3-381c62965d63,constitutes.ceo,available,9.19,103.7,low,low,11,spaceship,,,30/09/2026 00:12
f6c93e31-ff42-4f6c-bbf0-9fbc05e16f07,brimless.ceo,available,9.99,124.98,medium,low,8,namecheap,,,11/08/2026 04:13
2e61d79d-6073-4555-ba27-7fc0535bf668,whorehouse.ceo,available,9.99,146.98,medium,low,10,namecheap,,,21/09/2026 18:13
7a66c8a8-9a8d-4355-aebf-feffa5e8ee86,nights.ceo,available,10.19,129.99,high,low,6,namesilo,,,17/09/2026 22:10
cee07d55-ac24-4fe1-8ea0-d4269cdd6a18,reticent.ceo,available,9.19,103.7,medium,low,8,spaceship,,,27/09/2026 12:59
0a71b318-fb96-469a-9368-daad4517f6b1,chinchy.ceo,available,9.99,124.98,medium,low,7,namecheap,,,12/08/2026 05:42
e31b6b90-7509-4dfc-a78b-52c08b97694d,crisp.ceo,available,9.99,146.98,high,low,5,namecheap,,,24/09/2026 01:53
9bf205ed-124a-4cee-b2bf-aadc4da47f5b,previous.ceo,available,9.19,103.7,high,low,8,spaceship,,,01/10/2026 02:56
1b9fd16f-d6b8-4b45-bcf1-8ff44f0ff55d,excavate.ceo,available,9.99,124.98,high,low,8,namecheap,,,21/08/2026 10:33
05b4ffd0-5c5b-4c65-85f6-472301266bbb,mystic.ceo,available,9.99,146.98,high,low,6,namecheap,,,03/09/2026 12:22
9bae0b07-8daa-45f2-8404-8cd2014b2e11,stripy.ceo,available,9.99,146.98,medium,low,6,namecheap,,,10/09/2026 22:46
e09952d5-f14a-4cba-b668-6ecdcc6abeda,airstream.ceo,available,9.99,146.98,high,low,9,namecheap,,,17/09/2026 23:23
1c6dd709-ba4b-492a-a8e0-633cc9c96eee,yemeni.ceo,available,9.99,146.98,high,low,6,namecheap,,,13/09/2026 14:34
40eb729c-2129-49b0-ba94-0fb5b0a45e04,curled.ceo,available,9.99,124.98,medium,low,6,namecheap,,,13/08/2026 11:19
c1f10efb-d389-4628-acc2-3f47b520b44b,aspiration.ceo,available,10.19,129.99,high,low,10,namesilo,,,18/09/2026 16:53
d0c187e1-5eef-4987-be7f-746c140c63c1,chow.ceo,available,10.19,129.99,high,low,4,namesilo,,,29/09/2026 00:25
46de37e7-8772-4e5f-8951-d31ab94a69d7,tyro.ceo,available,10.19,129.99,high,low,4,namesilo,,,23/09/2026 02:27
68b9353e-4753-4c47-a4c0-16958bd6bb87,evidence.ceo,available,9.99,124.98,high,low,8,namecheap,,,24/08/2026 15:05
0409b1cd-232f-4c09-86c5-5d363912c683,bayard.ceo,available,9.99,146.98,medium,low,6,namecheap,,,22/09/2026 17:54
af2598c1-7e6e-4044-be0b-a17266d49662,helena.ceo,available,9.19,103.7,high,low,6,spaceship,,,28/09/2026 13:38
a90d584e-47ec-4b03-af43-5946491f72c3,regulation.ceo,available,9.99,146.98,high,low,10,namecheap,,,09/09/2026 13:07
51dfbf4e-1125-4365-a5b9-e93ee2e4b38b,inwards.ceo,available,9.99,124.98,high,low,7,namecheap,,,21/08/2026 23:32
c32236e8-a153-42e3-ab95-01c190c382c1,decree.ceo,available,9.99,146.98,high,low,6,namecheap,,,29/09/2026 18:35
ff5c7de8-0124-4979-816d-4be5d79744b0,assembly.ceo,available,10.19,129.99,high,low,8,namesilo,,,20/09/2026 16:09
221f7b5d-062a-454c-b110-d3bccb061fce,courtesy.ceo,available,9.99,146.98,high,low,8,namecheap,,,24/09/2026 18:48
e9dcc77e-a344-40db-9674-8407c287a64a,arbor.ceo,available,9.99,146.98,high,low,5,namecheap,,,20/09/2026 00:48
1dda37b5-9d41-4391-89c4-cc2f11f259d5,accurate.ceo,available,9.99,146.98,high,low,8,namecheap,,,21/09/2026 15:59
b9386b29-b487-4cb0-9b04-d45179d9dc7e,tossing.ceo,available,10.19,129.99,high,low,7,namesilo,,,30/09/2026 03:58
b36e4ffd-2c21-4b72-8057-2b1d5053101b,account.ceo,available,9.99,146.98,high,low,7,namecheap,,,28/09/2026 06:17
41381285-b56d-4f9b-863e-078f6c581175,belinda.ceo,premium,206.17,206.17,medium,low,7,spaceship,,,29/09/2026 09:21
53c1fa49-c7c8-4087-b679-9d0f3caba51f,inrush.ceo,available,9.99,124.98,high,low,6,namecheap,,,22/08/2026 06:17
495a4476-d4d0-4118-80d9-fea089f5d714,grate.ceo,available,9.99,124.98,high,low,5,namecheap,,,20/08/2026 18:33
829b8ada-0569-44fc-a49b-6e9236d8d93f,planetal.ceo,available,9.99,146.98,medium,low,8,namecheap,,,08/09/2026 20:42
c3a1fdb4-9f5e-4fdc-91ea-50c87537c523,stupefying.ceo,available,9.99,146.98,low,low,10,namecheap,,,10/09/2026 18:10
e7aede8a-bd64-49cd-9a7b-faf6c173793c,bedrock.ceo,available,10.19,129.99,high,low,7,namesilo,,,22/09/2026 10:39
99b27c76-783b-4681-8e15-89fbb342ac92,disapproval.ceo,available,10.19,109.99,medium,low,11,namesilo,,,
11e3745d-ebd9-4a44-9ebc-6fd95e18876b,ambler.ceo,available,10.19,129.99,medium,low,6,namesilo,,,18/09/2026 17:07
12cb9c81-ba36-41f9-a577-72b170c688d8,twice.ceo,available,9.19,103.7,medium,low,5,spaceship,,,28/09/2026 14:37
d8115fc1-64a6-4c19-ae66-c15828021488,colorise.ceo,available,9.99,124.98,medium,low,8,namecheap,,,12/08/2026 17:36
0fb79022-1bc1-4cc7-a7d7-169024caa3b3,apophasis.ceo,available,9.99,146.98,medium,low,9,namecheap,,,19/09/2026 19:01
a4e1d5ae-4fac-4a40-b3e0-30bf203836d1,squeezable.ceo,available,9.99,146.98,medium,low,10,namecheap,,,10/09/2026 17:41
24600fd9-ad28-4ffa-a62c-e33f3a7ef117,picker.ceo,available,9.99,146.98,medium,low,6,namecheap,,,24/09/2026 14:45
543abef1-c246-498a-9e6f-b485325421cb,sestet.ceo,available,9.99,124.98,medium,low,6,namecheap,,,
1e98fe29-da0c-432f-b5b4-91a011d34cd1,bellying.ceo,available,9.99,124.98,medium,low,8,namecheap,,,09/08/2026 13:37
de2827d3-5728-455e-9561-d59fa09b2da5,hoops.ceo,available,10.19,129.99,high,low,5,namesilo,,,29/09/2026 01:29
595b3c47-a539-424d-adde-6c5ff3a02497,teammate.ceo,available,10.19,129.99,high,low,8,namesilo,,,30/09/2026 12:51
8ad3b93e-295d-4202-bca4-dcccd74113de,lothian.ceo,available,9.99,107.22,medium,low,7,dynadot,,,30/09/2026 00:22
5ad28f71-fbda-4144-8399-75fbfc63b858,recessive.ceo,available,9.99,146.98,medium,low,9,namecheap,,,09/09/2026 11:25
10de293b-0c39-496b-bd5f-1f749a995209,anzac.ceo,available,9.99,146.98,medium,low,5,namecheap,,,19/09/2026 16:00
4aaff06b-d0d5-4b76-9b19-8959a87e10e9,whipping.ceo,available,9.99,124.98,medium,low,8,namecheap,,,22/08/2026 20:12
e2a98473-11a3-4e7b-a47b-42defc1a7275,wrongful.ceo,available,85.2,70.2,medium,low,8,cloudflare,,,28/09/2026 11:11
308561c6-362b-4d21-bbee-e7973c5172d6,hellish.ceo,available,9.99,124.98,medium,low,7,namecheap,,,09/08/2026 04:59
0e45ff94-effb-4576-92d9-d46e3c82d7f5,keyboards.ceo,available,10.19,129.99,medium,low,9,namesilo,,,20/09/2026 13:46
02ad9e08-bd50-47c1-9e5c-d8e53638a0fb,flee.ceo,available,9.19,103.7,high,low,4,spaceship,,,30/09/2026 19:54
0784b5d9-0aff-4cef-ab8a-2159ad0f5018,accede.ceo,available,10.19,129.99,high,low,6,namesilo,,,20/09/2026 16:11
44b01e61-05c5-4dbd-81bf-644ba73f88af,jeffrey.ceo,premium,254.72,254.72,high,low,7,namesilo,,,25/09/2026 13:36
80637e5b-17d7-4d95-af3e-a01fb2d3cdc9,behmen.ceo,available,10.19,129.99,medium,low,6,namesilo,,,23/09/2026 03:43
e2f1f6cd-2eec-4ef4-a823-30c73cc6e5fc,felix.ceo,premium,254.72,254.72,high,medium,5,namesilo,,,27/09/2026 19:26
5f1f351c-b523-4f47-903f-d2ff4debb477,boding.ceo,available,9.99,124.98,medium,low,6,namecheap,,,18/08/2026 11:34
cae4d9ee-673f-497e-bbd7-4f6a6b4ea089,climactic.ceo,available,9.99,124.98,high,low,9,namecheap,,,12/08/2026 10:55
9bb960a8-2632-4f04-8de6-6b1b6a6050ba,hop.ceo,available,10.19,129.99,high,low,3,namesilo,,,25/09/2026 07:30
5138a582-ac83-45b1-a142-028272f381a6,expand.ceo,available,10.19,129.99,high,low,6,namesilo,,,24/09/2026 13:38
d529aff0-88b8-46a0-9587-6692660d97c6,adroit.ceo,available,9.99,146.98,high,low,6,namecheap,,,21/09/2026 19:49
65555f43-9e0b-421c-b71e-2db6472d4379,yoko.ceo,available,9.78,103.5,high,low,4,porkbun,,,30/09/2026 22:00
046f3345-ddf1-44ac-b4a6-20c2d9016d59,affiliate.ceo,premium,206.17,206.17,high,low,9,spaceship,,,28/09/2026 19:17
6981475c-e28e-46cd-ae0b-b9d00195a920,balalaika.ceo,available,10.19,129.99,medium,low,9,namesilo,,,21/09/2026 20:48
e6cd160f-8a42-46f8-aadc-8fab344750c0,yvonne.ceo,premium,,,high,low,6,,,,28/09/2026 03:58
55e244a6-cfa1-4a9b-90dd-ab0b67e93122,deific.ceo,available,9.99,124.98,medium,low,6,namecheap,,,14/08/2026 00:13
a07e3fe1-58b2-40a7-93be-61510ed3bfe1,ambulances.ceo,available,10.19,129.99,medium,low,10,namesilo,,,21/09/2026 07:02
da38e9c1-c889-44c3-996a-8035c9979b39,wastes.ceo,available,9.99,146.98,medium,low,6,namecheap,,,17/09/2026 07:45
30b6473f-ed86-4dc0-a503-017b4f701254,chin.ceo,available,85.2,70.2,high,low,4,cloudflare,,,29/09/2026 08:41
3a3cc5bd-8b48-4908-8bad-dc5cc93b92bb,syndicate.ceo,available,10.19,129.99,high,low,9,namesilo,,,24/09/2026 17:30
a93d637c-0991-4aae-9545-aac8c7483305,hemophilia.ceo,available,10.19,129.99,medium,low,10,namesilo,,,24/09/2026 05:26
213543c9-730d-4d07-972b-b44ced3f3555,holcomb.ceo,available,9.19,103.7,medium,low,7,spaceship,,,30/09/2026 13:42
38cc82b9-9c1d-47a9-9fbc-d6d9f1f602e1,sap.ceo,available,85.2,70.2,high,low,3,cloudflare,,,29/09/2026 06:26
e3cda82b-e8da-4bee-bf8e-141d4595ba8c,pupal.ceo,available,9.99,146.98,high,medium,5,namecheap,,,09/09/2026 06:07
f52fccd9-1bc4-43c9-b4d4-3dec9c48ec5f,flavorful.ceo,available,9.99,124.98,high,low,9,namecheap,,,18/08/2026 07:04
38f11d0c-707b-4cfc-afdf-a2cf186e3369,lookup.ceo,available,10.19,109.99,high,low,7,namesilo,,,
0349e54b-7bf5-47cb-8829-bcdeecafedaf,stately.ceo,available,9.99,124.98,high,low,7,namecheap,,,08/08/2026 20:22
f75a3477-5ebb-4273-acb3-9a92bd742716,edmondson.ceo,available,10.19,129.99,medium,low,9,namesilo,,,30/09/2026 13:39
23a5b407-fbbb-4acd-b7c1-8f7abb22c9b8,aphoristic.ceo,available,9.99,124.98,medium,low,10,namecheap,,,05/08/2026 23:31
a622a747-5e90-4edb-8106-de4de845c02b,uniformed.ceo,available,9.99,146.98,medium,low,9,namecheap,,,12/09/2026 12:57
621376c7-32d7-4f55-9cf6-f4a24a54fe52,commentary.ceo,available,9.19,103.7,medium,low,10,spaceship,,,29/09/2026 06:24
e7bbf30c-f837-4835-9f46-5e331d8c0810,approach.ceo,available,9.99,124.98,high,low,8,namecheap,,,06/08/2026 08:44
93182fac-9b7f-4736-af2f-3e406b608093,astrology.ceo,premium,518.96,518.96,high,low,9,namecheap,,,20/09/2026 17:48
e7245678-5c09-42ca-b490-6036a0ddeb23,fragrance.ceo,available,9.99,146.98,high,low,9,namecheap,,,29/09/2026 18:57
87e089b3-4778-48c7-a3e9-f54e5c3b0ff8,rewrite.ceo,available,10.19,129.99,high,low,7,namesilo,,,29/09/2026 13:47
a04877d3-57d6-43ff-9988-496f7e214663,proficient.ceo,available,10.19,129.99,high,low,10,namesilo,,,21/09/2026 17:23
72c743b1-a5ed-413f-876c-6984f50105fc,cloudiness.ceo,available,9.99,146.98,medium,low,10,namecheap,,,04/09/2026 20:28
3a55e498-4127-4b9e-946d-fc8c99b56035,sanative.ceo,available,9.99,124.98,medium,low,8,namecheap,,,
c1cf294e-356c-48cd-ab78-cb7388cc94f8,bulgarian.ceo,available,9.99,124.98,high,low,9,namecheap,,,11/08/2026 08:23
fc4e4175-5e1b-4169-a2f0-e98147d416ff,dehydrate.ceo,available,9.99,124.98,medium,low,9,namecheap,,,14/08/2026 03:38
e640ad8d-1e1d-4c82-93da-1dc70d9c899f,brahmins.ceo,available,9.99,107.22,medium,low,8,dynadot,,,30/09/2026 00:48
7c01dd78-6003-480c-b447-2dff24ca90dd,spooky.ceo,available,9.99,146.98,high,low,6,namecheap,,,10/09/2026 09:49
a67155bc-190e-494f-aa65-2822741d7b27,unkind.ceo,available,9.99,146.98,medium,low,6,namecheap,,,12/09/2026 14:11
09d714f4-6ccb-4ea9-88d6-3c1b5e2b04ee,filesharing.ceo,available,10.19,129.99,high,low,12,namesilo,,,18/09/2026 10:05
a7512ecb-063a-4f66-9ae2-5b90aadeca81,orthogonal.ceo,available,9.99,124.98,high,low,10,namecheap,,,17/08/2026 19:23
ae48a800-232d-415b-86e2-3ac34230af79,galactic.ceo,premium,499,499,high,low,8,name.com,,,18/08/2026 19:35
544ec91b-cc40-428c-9b24-025a28c1b68d,goggles.ceo,available,10.19,129.99,high,low,7,namesilo,,,30/09/2026 17:29
6d6743b2-cab4-4905-a562-a5033630580d,multnomah.ceo,available,10.19,129.99,high,low,9,namesilo,,,30/09/2026 21:47
8c06af66-0363-482b-bad1-a25e805c0536,venue.ceo,available,85.2,70.2,high,low,5,cloudflare,,,29/09/2026 01:38
d140e2e8-4a9f-4723-8588-c7a678f70660,darwin.ceo,available,9.78,103.5,high,low,6,porkbun,,,29/09/2026 00:25
d7f466cc-7778-44f7-99a1-f5caa0188f8d,commonsense.ceo,available,10.19,109.99,high,low,12,namesilo,,,
73031913-93de-42de-aa8c-3947810107fa,james.ceo,premium,217.77,217.77,high,medium,5,porkbun,,,29/09/2026 18:17
ef0f32ce-f7bf-4e1a-913c-75338de274eb,kastler.ceo,available,9.99,146.98,medium,low,7,namecheap,,,18/09/2026 06:34
41d8e08e-bdb9-4e7d-949f-fe387099705d,community.ceo,premium,499,499,high,medium,9,name.com,,,08/09/2026 12:57
5571087f-1640-4c0a-b83f-9df7e41047df,carlos.ceo,premium,254.72,254.72,high,low,6,namesilo,,,19/09/2026 04:37
46908303-487d-4200-ad19-331123be4edb,bases.ceo,available,9.99,146.98,medium,low,5,namecheap,,,17/09/2026 21:42
ec05cf5a-9c06-4f88-836f-666f1e8e7c74,socialism.ceo,available,9.19,103.7,high,low,9,spaceship,,,29/09/2026 20:26
4113d12c-b4ad-40e7-b5e9-6f316da0b064,fairish.ceo,available,9.99,124.98,medium,low,7,namecheap,,,17/08/2026 21:12
086096d1-8eef-4035-bf76-41f699d7f6ef,revive.ceo,available,9.99,107.22,high,low,6,dynadot,,,29/09/2026 02:45
834b22fc-d681-4e5a-a5d7-1d7714cabc86,capitalize.ceo,premium,218.9,218.9,high,low,10,dynadot,,,30/09/2026 17:00
afb0a597-449f-4fcf-8b8f-db7419f2b54a,employee.ceo,available,9.19,103.7,high,low,8,spaceship,,,29/09/2026 08:21
4856fedb-9f4b-4ae6-9415-282dd6b9f2f7,grapy.ceo,available,9.99,124.98,medium,low,5,namecheap,,,20/08/2026 18:07
5dfd5a95-6fbf-473c-b8e6-4c35001676fc,prepare.ceo,available,10.19,129.99,high,low,7,namesilo,,,27/09/2026 10:25
8395ba5e-b5ee-4d69-b0e2-1c5b011c1776,preston.ceo,premium,248.75,248.75,high,low,7,name.com,,,25/09/2026 20:01
f73472e5-2447-4261-ba61-c2dc98da31b5,dekker.ceo,available,9.19,103.7,high,low,6,spaceship,,,29/09/2026 18:35
54881641-b293-40ae-97ff-3994cf83556c,wavelike.ceo,available,9.99,124.98,medium,low,8,namecheap,,,13/08/2026 06:56
e44c3021-6a14-407e-895a-1450d7da59c7,renewable.ceo,available,9.99,146.98,high,low,9,namecheap,,,09/09/2026 14:03
89656877-fe3e-4840-ad80-ee51f4f584ca,fontainebleau.ceo,available,10.19,129.99,medium,low,13,namesilo,,,30/09/2026 13:48
b56142fb-42ba-4cbe-a0e0-f769266c6be4,sick.ceo,premium,510.98,510.98,high,low,4,namesilo,,,23/09/2026 02:10
315d95be-8b4e-4225-a982-2b06ae1e3555,threatening.ceo,available,10.19,109.99,medium,low,11,namesilo,,,
cf9a45d3-62e7-4a9f-8649-aebc721c4c36,livelihood.ceo,available,85.2,70.2,high,low,10,cloudflare,,,29/09/2026 00:16
8faaf7af-4c0c-4225-91a6-abf0e2e0a4bf,ketonemia.ceo,available,10.19,129.99,medium,low,9,namesilo,,,17/09/2026 00:10
6a2a7d90-7174-495c-b549-0d32e43c506a,roughneck.ceo,available,9.99,124.98,medium,low,9,namecheap,,,11/08/2026 08:43
53b47109-443c-4f4c-aecc-7e7e5cabba25,devastated.ceo,available,85.2,70.2,medium,low,10,cloudflare,,,28/09/2026 11:36
9133ba6f-30e3-413e-b6c8-22e3e03c16a9,snarl.ceo,available,9.99,124.98,medium,low,5,namecheap,,,24/08/2026 16:56
1e2f735d-f89f-4f25-87f3-6907f4a6402c,larger.ceo,available,9.99,146.98,high,low,6,namecheap,,,22/09/2026 20:38
83ed8a9d-043b-4968-a7d5-c453fb418146,remediation.ceo,available,10.19,129.99,high,low,11,namesilo,,,30/09/2026 23:39
c5f6dfe0-4ba3-4fe1-a272-f2115202ad28,cebu.ceo,premium,254.72,254.72,medium,low,4,namesilo,,,28/09/2026 18:38
c2579e06-cb72-4afd-8cab-77a4ad152aed,pounding.ceo,available,9.99,146.98,high,low,8,namecheap,,,11/09/2026 14:51
e430bf47-19c5-44d9-b2e5-882ed27af53a,educative.ceo,available,9.99,124.98,high,low,9,namecheap,,,15/08/2026 11:09
2550268e-1a66-4aa2-97b0-27dc4f08bccf,earful.ceo,available,10.19,129.99,medium,low,6,namesilo,,,22/09/2026 17:11
de9cf915-a31a-4016-8774-a2d016d1a9ff,wellcome.ceo,available,85.2,70.2,high,low,8,cloudflare,,,30/09/2026 20:34
8ecc4fa5-644d-4813-aebc-198d56ebd3d3,hesse.ceo,available,9.99,146.98,high,low,5,namecheap,,,27/09/2026 04:26
66c7dc0a-3423-4815-8664-e9aef4fde1de,ascension.ceo,available,10.19,129.99,high,low,9,namesilo,,,24/09/2026 08:22
706ec2d2-26a1-4ff4-b052-a934d2931341,musky.ceo,available,9.99,146.98,high,low,5,namecheap,,,03/09/2026 11:33
ad812b28-87d8-41f4-ab9a-f4600f3c09bb,subversive.ceo,available,9.99,124.98,high,low,10,namecheap,,,22/08/2026 07:46
218f619b-16b8-4353-bcae-fcc32072a1bf,refunds.ceo,available,10.19,129.99,medium,low,7,namesilo,,,20/09/2026 14:13
6c3ccbc9-b983-4db2-bf70-b1a1d4947c26,expedience.ceo,available,9.99,146.98,high,low,10,namecheap,,,10/09/2026 02:11
d9ca077b-08ea-4856-a9d3-5a134e8f1ad6,bok.ceo,available,9.99,146.98,high,low,3,namecheap,,,30/09/2026 19:18
ccc1719b-7208-40dd-bfb5-1704fecd4f25,specified.ceo,available,9.99,146.98,high,medium,9,namecheap,,,10/09/2026 15:25
46b23ed7-c465-4d7c-b121-0b7b5fd82f83,ternate.ceo,available,9.99,146.98,medium,low,7,namecheap,,,11/09/2026 11:53
6f20efad-46c0-4b56-ab5a-73ae3420a3fe,productions.ceo,available,9.19,103.7,medium,low,11,spaceship,,,30/09/2026 00:05
797ac8c8-1bb2-40eb-a7ec-b00525bb4951,comrades.ceo,available,10.19,129.99,medium,low,8,namesilo,,,28/09/2026 13:07
637e048c-0bcc-43a0-bb88-faede480224d,undulate.ceo,available,9.99,146.98,medium,low,8,namecheap,,,12/09/2026 08:33
794edac5-7095-4210-8259-73f142a220d6,consistency.ceo,available,85.2,70.2,high,low,11,cloudflare,,,29/09/2026 16:04
384943fa-55cd-4ee7-839b-96a6c505ba1c,alcoholics.ceo,available,10.19,129.99,low,low,10,namesilo,,,18/09/2026 22:27
5f8256d7-6820-4664-bbbc-d0e59cfaac7c,imaginary.ceo,available,9.99,124.98,high,low,9,namecheap,,,21/08/2026 20:16
c455b906-ea56-443f-9285-14de9d7aa2f3,rich.ceo,premium,518.96,518.96,high,low,4,namecheap,,,19/09/2026 18:40
5f33eff3-57b7-4eda-a24e-9d20b044b020,dijon.ceo,available,9.99,146.98,high,low,5,namecheap,,,24/09/2026 22:19
2dc27ab0-3d74-4ee3-95dd-5947a2399120,sorbed.ceo,available,9.99,146.98,medium,low,6,namecheap,,,10/09/2026 14:27
755484c6-f5a8-4aa1-8db2-e31d9fb33039,primes.ceo,available,10.19,129.99,medium,low,6,namesilo,,,20/09/2026 11:21
d1e4be9d-4427-4ca0-967a-6352d6dc195f,untried.ceo,available,9.99,146.98,medium,low,7,namecheap,,,12/09/2026 21:15
4032f0e7-155d-4ce5-a756-51cdb68eb041,proved.ceo,available,10.19,129.99,high,low,6,namesilo,,,27/09/2026 07:48
6171e7c7-f330-47a0-babd-649fb2021a00,invasive.ceo,available,9.99,124.98,medium,low,8,namecheap,,,16/08/2026 23:54
ca4a9edd-144d-438f-9df8-6066ab3241f2,ruined.ceo,available,10.19,129.99,high,low,6,namesilo,,,27/09/2026 16:41
9e291d49-067c-49e5-b2f3-d17b1ae4bb20,ssa.ceo,available,9.78,103.5,high,low,3,porkbun,,,29/09/2026 08:03
96236482-3835-411c-9e20-d85e6f5d7ec3,mammals.ceo,available,10.19,129.99,medium,low,7,namesilo,,,30/09/2026 06:09
a943691a-db11-464a-80e1-6d9b02558c60,affection.ceo,available,9.99,146.98,high,low,9,namecheap,,,17/09/2026 14:16
d1cae151-0370-40e9-840c-d5c8372e9b72,reptile.ceo,available,9.99,146.98,high,low,7,namecheap,,,09/09/2026 14:41
7ae89d19-4a64-4702-86ba-247b3b2eec33,maternal.ceo,available,9.99,146.98,high,low,8,namecheap,,,25/09/2026 18:01
d8180434-c865-42ca-a0a7-ab86e2131ffd,prepaid.ceo,available,9.99,146.98,high,low,7,namecheap,,,09/09/2026 00:39
214e6b95-463b-4502-ba1c-841e6a10c8d5,fraser.ceo,available,9.19,103.7,high,medium,6,spaceship,,,29/09/2026 17:49
ddbddfff-e0fc-4c78-a69f-5a5a3648d9b6,sedans.ceo,available,10.19,129.99,medium,low,6,namesilo,,,19/09/2026 22:27
f637eec4-5490-4ebc-a8d7-62a1c96e4184,mccauley.ceo,available,85.2,70.2,medium,low,8,cloudflare,,,01/10/2026 02:59
a1585720-3fee-4c7e-b04b-271ab262848b,drank.ceo,available,9.19,103.7,high,low,5,spaceship,,,28/09/2026 08:20
94048c84-0e25-49dc-af46-845b77b59551,arrears.ceo,available,10.19,129.99,high,low,7,namesilo,,,20/09/2026 08:55
7cf3a2a9-b4a4-49f9-b12f-31fdf5171536,brownish.ceo,available,9.99,124.98,medium,low,8,namecheap,,,11/08/2026 06:19
8b13aace-96da-4049-9325-648acaa1a33f,pee.ceo,available,9.99,146.98,medium,low,3,namecheap,,,13/09/2026 09:51
9ad83747-9a9b-4f42-8965-582cfbece2dc,choosy.ceo,available,9.99,124.98,medium,low,6,namecheap,,,12/08/2026 06:53
a5ee65c8-a34c-427b-b6d8-cf1368fc8403,unspoiled.ceo,available,9.99,146.98,medium,low,9,namecheap,,,12/09/2026 07:08
5355f308-8938-4823-a43a-47685e738705,flattering.ceo,available,9.99,124.98,high,low,10,namecheap,,,18/08/2026 06:57
e9af868d-28f0-463c-94f1-6660395c511d,practicing.ceo,available,10.19,109.99,high,low,10,namesilo,,,
834312eb-19c3-42c8-baf0-d23e3b4b102e,houghton.ceo,available,19.99,149.99,medium,low,8,name.com,,,25/09/2026 23:07
a9e07d1a-8f67-416b-9087-cf7f18f85322,stretcher.ceo,available,9.19,103.7,high,low,9,spaceship,,,30/09/2026 16:46
4fbaba20-ef2b-4bcc-a785-06ba37851679,azonic.ceo,available,9.99,124.98,medium,low,6,namecheap,,,08/08/2026 02:32
1a16cdb5-790a-4c63-ba51-c2c555bcba45,hinterland.ceo,available,10.19,129.99,high,low,10,namesilo,,,21/09/2026 14:33
91414dbb-8ed6-4f1a-bcae-8e77538f39db,ocd.ceo,available,9.99,107.22,high,low,3,dynadot,,,30/09/2026 11:49
e0baaa94-d9d9-43ae-a100-06ed897ca364,saponified.ceo,available,9.99,146.98,high,medium,10,namecheap,,,09/09/2026 21:21
dbaee7e3-2062-431d-b0bd-1dd4170c9fce,louie.ceo,available,10.19,129.99,high,low,5,namesilo,,,28/09/2026 11:43
65790345-2780-487d-b94a-90d02fc934fd,captured.ceo,available,10.19,129.99,medium,low,8,namesilo,,,27/09/2026 02:07
fb3d8e23-06a2-48aa-9921-5c6687aeaf66,gillespie.ceo,available,10.19,129.99,high,low,9,namesilo,,,25/09/2026 04:55
a0c01c95-b188-4a84-a535-5d2b131b45e4,gains.ceo,available,9.99,146.98,high,low,5,namecheap,,,18/09/2026 18:50
97914d9d-d471-4ffb-8a4e-c2da4bd3c6c7,animism.ceo,available,19.99,149.99,medium,low,7,name.com,,,19/09/2026 09:19
dc87218c-866c-4bb8-9ef7-4d35ea106975,occupational.ceo,available,9.19,103.7,medium,low,12,spaceship,,,29/09/2026 03:01
261c2872-e443-48bd-ba21-5410b47c0520,welch.ceo,available,9.99,146.98,high,low,5,namecheap,,,13/09/2026 10:47
6ec944d9-2d20-4480-a38c-a12cf8b055cd,sparkly.ceo,available,9.99,124.98,high,low,7,namecheap,,,
9bcc9973-9b8b-4125-bfe7-1d81bf95b16c,vacations.ceo,available,10.19,129.99,medium,low,9,namesilo,,,20/09/2026 00:12
1ccb40e7-9791-4525-93c1-5ffdc08e93c1,bahraini.ceo,available,9.99,124.98,medium,low,8,namecheap,,,08/08/2026 08:36
78cb7b5c-1b9b-4184-a4de-3184f75af974,palaces.ceo,available,10.19,129.99,medium,low,7,namesilo,,,30/09/2026 23:50
7c264306-1e52-4766-88e8-25ad91ae9845,others.ceo,available,10.19,129.99,high,low,6,namesilo,,,25/09/2026 16:48
82c6ba71-616b-4454-83cf-a1a14925de2b,ravine.ceo,available,9.19,103.7,high,low,6,spaceship,,,30/09/2026 18:25
5f59e724-c025-498d-824a-e6ffb5e041fc,insulation.ceo,available,9.19,103.7,high,low,10,spaceship,,,30/09/2026 01:59
e9c9bb67-710f-46d2-aa78-1997456a6d01,atrazine.ceo,available,9.99,146.98,medium,low,8,namecheap,,,21/09/2026 00:37
309bcd87-dc07-489b-a11a-5ca457f66089,crc.ceo,available,85.2,70.2,high,low,3,cloudflare,,,28/09/2026 21:11
70aad7aa-eedc-4c01-b2f9-4bd85d757bec,zimmermann.ceo,available,9.19,103.7,high,low,10,spaceship,,,29/09/2026 22:20
86a88295-6357-4aec-91f4-b659ed452031,prefixed.ceo,available,10.19,129.99,medium,low,8,namesilo,,,30/09/2026 23:59
80bed5a2-8b3a-4cd3-aebb-42d7b7c3edb6,reside.ceo,available,10.19,129.99,high,low,6,namesilo,,,24/09/2026 23:25
c8fe203f-c692-42e1-b9c1-17e49ee7e937,mio.ceo,available,9.19,103.7,high,low,3,spaceship,,,30/09/2026 12:31
bd4e639a-fba9-4058-96c7-92eee62676c9,recipes.ceo,available,9.19,103.7,medium,low,7,spaceship,,,29/09/2026 06:03
8cb38d3a-7380-450f-ad54-6df82a300fa0,umayyad.ceo,available,9.19,103.7,high,low,7,spaceship,,,30/09/2026 18:14
f8de99a7-83f7-4224-9047-51dd7fa6c423,inquirer.ceo,available,10.19,129.99,medium,low,8,namesilo,,,20/09/2026 14:22
58ded9aa-e6f7-4e77-b9a5-d984f7660452,rubbing.ceo,available,10.19,129.99,medium,low,7,namesilo,,,29/09/2026 02:04
62ab95a7-ff1d-4fce-976d-4b71fcd80e1a,learner.ceo,available,9.99,146.98,high,low,7,namecheap,,,19/09/2026 22:19
e7cc6688-7098-40c8-b603-3fd8e5ba3808,adrian.ceo,premium,258.7,258.7,high,low,6,namecheap,,,17/09/2026 09:59
15a885be-ecc2-4fec-868a-6f77e4ce390b,curing.ceo,premium,,,high,low,6,,,,30/09/2026 16:51
171e5c17-867e-48a7-8fac-caa8195fc487,ephemeral.ceo,available,9.99,124.98,high,low,9,namecheap,,,17/08/2026 10:17
d6dc76f7-be2e-4be7-b9c3-a31009434384,triangular.ceo,available,9.99,146.98,high,low,10,namecheap,,,11/09/2026 14:30
336cea6c-1edc-46f9-a05f-61518cd30b03,aright.ceo,available,9.99,146.98,high,low,6,namecheap,,,13/09/2026 20:49
6fcb9f52-7d37-4aec-937b-9a8e348f8b59,abelard.ceo,available,10.19,129.99,medium,low,7,namesilo,,,16/09/2026 14:59
c8db3ece-5465-4c07-a8fc-c8c7340b919b,organisation.ceo,available,10.19,129.99,high,low,12,namesilo,,,29/09/2026 04:49
0d7e31ea-f228-47d6-802b-f6954d08474d,detailing.ceo,available,9.19,103.7,high,low,9,spaceship,,,29/09/2026 14:11
2e0a70f3-bffc-4a46-9174-bef37e58bbda,tolerate.ceo,available,10.19,129.99,high,low,8,namesilo,,,24/09/2026 10:45
25db59b7-d3cd-4e63-b028-ff6fac7f58e7,batna.ceo,available,10.19,129.99,medium,low,5,namesilo,,,22/09/2026 14:06
8690d456-5ec3-40b3-a975-67f0cbbed3c0,baron.ceo,available,19.99,149.99,high,low,5,name.com,,,22/09/2026 07:01
a82ec015-f3c0-4ce1-86b8-f124ab6993af,regal.ceo,available,10.19,129.99,high,low,5,namesilo,,,19/09/2026 11:09
9d689342-0244-4ab5-bd9a-605e0a5aff73,apocalypse.ceo,available,9.99,146.98,medium,low,10,namecheap,,,19/09/2026 18:10
618a51bf-4e23-48d1-8cae-a442e84ceb84,chemotherapy.ceo,available,10.19,129.99,medium,low,12,namesilo,,,29/09/2026 16:06
e31e208c-25d8-4275-a3bd-b5ed4c01cc18,dusky.ceo,available,9.99,124.98,high,low,5,namecheap,,,14/08/2026 21:32
6880046c-9ac9-48fc-9b3e-21789d8e8b24,archives.ceo,available,9.99,146.98,high,low,8,namecheap,,,20/09/2026 02:21
e9ac3d02-27bf-46c7-b87a-8a695c603c1e,stole.ceo,available,10.19,129.99,high,low,5,namesilo,,,27/09/2026 05:29
60ebfe2b-60ae-4a59-b457-e74d2d7db195,retribution.ceo,available,85.2,70.2,medium,low,11,cloudflare,,,30/09/2026 05:59
c6579692-2816-4a0c-b9c8-1c47f7fcb20b,mcdonald.ceo,available,10.19,109.99,high,low,8,namesilo,,,
bd72656a-caf6-4262-995a-acaff96926fa,nine.ceo,premium,510.98,510.98,high,low,4,namesilo,,,21/09/2026 13:23
6a800b9e-d3bc-4af9-ad46-b08059460606,attainable.ceo,available,10.19,129.99,high,low,10,namesilo,,,19/09/2026 04:15
7a9e278a-4963-4094-88df-2b6c5eba9a77,gripping.ceo,available,10.19,129.99,high,low,8,namesilo,,,21/09/2026 15:05
18dcfd30-6f55-4955-8760-a77592a6cabb,urn.ceo,available,85.2,70.2,high,low,3,cloudflare,,,30/09/2026 11:16
59aaa583-6e01-469a-843e-a9407ec9ea8d,transposed.ceo,available,9.99,146.98,medium,low,10,namecheap,,,11/09/2026 18:59
d9f47c7c-318c-4815-9474-be06c771236e,whitewater.ceo,available,10.19,109.99,high,low,11,namesilo,,,
144d8018-4923-4bd7-b217-b821ec1166ca,irwin.ceo,available,9.99,146.98,medium,low,5,namecheap,,,25/09/2026 20:02
e1021854-6609-4c1c-bb69-b2aafcf25f8b,mercantile.ceo,available,9.99,124.98,high,low,10,namecheap,,,24/08/2026 20:23
6e2aa167-7fb0-4b18-9b0c-af4686150d08,unmarked.ceo,available,9.99,146.98,medium,low,8,namecheap,,,04/09/2026 21:06
daa765a1-0116-47a0-80ae-06b8cf533049,sensors.ceo,available,10.19,129.99,medium,low,7,namesilo,,,28/09/2026 09:09
3d6f94c0-1eb6-4224-b48a-9eb2edd33bdd,snazzy.ceo,available,9.99,146.98,high,medium,6,namecheap,,,10/09/2026 12:21
3f30e063-69b0-4fc1-b6ca-cf24f5e39ee9,executives.ceo,available,10.19,129.99,high,low,10,namesilo,,,21/09/2026 01:35
4d549d5c-57b8-4fa7-89ad-52780f340ecd,systematically.ceo,available,19.99,,medium,low,14,name.com,,,
3afe2a0b-5e09-40b9-a37b-411f7043ef74,makeshift.ceo,available,9.99,124.98,high,low,9,namecheap,,,21/08/2026 23:21
d33c9db5-06ca-4ded-a623-65a5cae2a0e2,magnetism.ceo,available,85.2,70.2,high,low,9,cloudflare,,,30/09/2026 10:31
b8220170-2a61-4761-b8dd-21a78b8ec3fa,cities.ceo,available,10.19,129.99,medium,low,6,namesilo,,,27/09/2026 09:25
2f27110d-e579-465a-85ea-ba02ea2476c2,aec.ceo,available,9.99,146.98,high,low,3,namecheap,,,17/09/2026 12:04
d54cd832-82bb-4871-bcbb-a69aadc2d6ee,cumulous.ceo,available,9.99,124.98,medium,low,8,namecheap,,,13/08/2026 10:30
a3a63a3c-2515-43e2-b5fb-526c51e53b25,ormazd.ceo,available,9.99,146.98,medium,low,6,namecheap,,,17/09/2026 20:41
4d117ac1-7150-4c00-95a9-299d7c9d59f8,asking.ceo,available,10.19,129.99,high,low,6,namesilo,,,28/09/2026 22:40
ff7bd2f6-c173-4c05-a759-0c193fc1f896,encomium.ceo,available,9.99,146.98,high,low,8,namecheap,,,05/09/2026 00:40
7b53f171-ba2f-4495-9f8c-121f1da473ed,accursed.ceo,available,9.99,124.98,medium,low,8,namecheap,,,
03c95413-9828-4dc7-ae5f-287d1277097c,paintable.ceo,available,9.99,146.98,medium,low,9,namecheap,,,04/09/2026 23:06
d7d7cca2-beab-4695-88d2-7974676899a6,conducive.ceo,available,9.99,124.98,high,low,9,namecheap,,,12/08/2026 20:30
ab2d2bd1-1d14-4c44-823e-50558694cb33,amerindian.ceo,available,9.99,146.98,medium,low,10,namecheap,,,03/09/2026 13:51
f09590e5-2c6b-49d6-a1de-5135b75f95c7,appleton.ceo,available,9.99,146.98,medium,low,8,namecheap,,,19/09/2026 21:41
4ee70746-3679-4968-bbd6-e08b0cbebd03,proximo.ceo,available,9.99,146.98,medium,low,7,namecheap,,,09/09/2026 04:40
dda2c879-2870-43dd-b4e6-85e2b9bfb837,bidet.ceo,available,9.99,146.98,high,low,5,namecheap,,,23/09/2026 13:46
baa59152-c616-468e-963e-5da78c90b5a5,abetter.ceo,available,10.19,129.99,medium,low,7,namesilo,,,16/09/2026 15:19
2e0da5c3-b3e1-4670-b505-760a25bdb15a,favour.ceo,available,10.19,129.99,high,low,6,namesilo,,,25/09/2026 05:51
af58ca0f-d0bd-4e5f-8da9-e3f7edfee1c0,premier.ceo,premium,510.98,510.98,high,low,7,namesilo,,,27/09/2026 04:55
cb423a5c-e959-4633-8c84-c47424f03799,soupy.ceo,available,9.99,124.98,medium,low,5,namecheap,,,09/08/2026 01:20
f2b527bf-3d0f-4ddd-b446-b85702c806bf,bmt.ceo,available,9.19,103.7,high,low,3,spaceship,,,30/09/2026 20:59
858e6281-eb3e-41e7-8c35-e336a7c5e4d7,ngc.ceo,available,10.19,129.99,medium,low,3,namesilo,,,28/09/2026 13:16
494d6ca8-e5c9-44f9-86bb-625996486212,antivenin.ceo,available,10.19,129.99,medium,low,9,namesilo,,,19/09/2026 15:16
699e61da-89f8-4b92-96f4-c32ee3016fca,flake.ceo,available,9.99,124.98,medium,low,5,namecheap,,,14/08/2026 23:23
0519a12d-3ced-42e4-80df-dc239b693259,type.ceo,available,9.19,103.7,high,low,4,spaceship,,,30/09/2026 14:06
b308b5da-0466-4457-9c95-ea93fac86baa,and.ceo,premium,510.98,510.98,high,medium,3,namesilo,,,30/09/2026 21:45
f26144d9-3c66-498e-8fc3-86b3fe63b7b3,nutrient.ceo,available,9.99,146.98,high,low,8,namecheap,,,08/09/2026 11:42
a8a37b55-745a-48c3-868f-cc5b9718e97b,saleswoman.ceo,available,10.19,129.99,high,low,10,namesilo,,,30/09/2026 02:34
a1d4ef48-04a6-47e3-81c5-53d90e1c4637,keynes.ceo,available,10.19,129.99,medium,low,6,namesilo,,,25/09/2026 23:18
ebbc9c35-3b27-44f5-8b78-3b6e725b5dfe,herman.ceo,premium,,,high,low,6,,,,28/09/2026 02:07
94d0dbfa-8842-4dc1-8021-406c744aafa0,beyond.ceo,premium,413.37,413.37,high,medium,6,spaceship,,,28/09/2026 13:28
8fea29ab-9b29-476b-8042-958b94efde96,fizzle.ceo,available,9.99,124.98,medium,low,6,namecheap,,,11/08/2026 11:19
70664638-7c3a-48dc-9d43-8c5c111aec9c,wales.ceo,available,9.99,107.22,high,low,5,dynadot,,,29/09/2026 06:12
b525faa5-d948-40b4-9997-003f2da2141b,circadian.ceo,available,9.99,124.98,high,low,9,namecheap,,,12/08/2026 08:17
70aa9fe4-1805-415d-a580-6e94a7e4575c,beggar.ceo,available,10.19,129.99,medium,low,6,namesilo,,,23/09/2026 02:08
78fc573b-5057-4f7c-bbbc-df4280b18c7d,coloured.ceo,available,9.99,146.98,high,low,8,namecheap,,,22/09/2026 20:29
f69b93f5-8dda-4ced-aac6-0ae790d2016d,tendencies.ceo,available,9.19,103.7,medium,low,10,spaceship,,,29/09/2026 17:02
d6cb676b-e2cd-4455-baae-ac3071128ab4,semicircular.ceo,available,10.19,129.99,medium,low,13,namesilo,,,29/09/2026 03:26
094275f9-6a4f-4973-a38e-8ff48f84cf67,phoney.ceo,available,9.99,124.98,medium,low,6,namecheap,,,08/08/2026 23:14
eea2d3ba-adb7-46b1-ad11-2045a752db8a,beria.ceo,available,10.19,129.99,medium,low,5,namesilo,,,23/09/2026 09:22
c3765a87-f3ba-4c92-a3ee-248e67e28c47,lapplander.ceo,available,9.99,146.98,high,medium,10,namecheap,,,09/09/2026 21:05
01728f07-6686-45f6-b3df-923340861d32,capped.ceo,available,9.99,124.98,medium,low,6,namecheap,,,11/08/2026 18:02
254eb6c8-6817-4abf-a69f-9c8dee37ff16,intoxicated.ceo,available,9.78,103.5,medium,low,11,porkbun,,,30/09/2026 03:42
9972d7a0-1efb-4229-a766-e38a9f64bdd0,octet.ceo,available,9.99,124.98,high,low,5,namecheap,,,
f696223c-d29c-4396-8011-71ab1b9eec52,beater.ceo,available,9.99,146.98,high,low,6,namecheap,,,22/09/2026 21:38
6e2c11d7-48d1-483d-80cc-38d2aababf99,mundane.ceo,available,9.99,124.98,high,low,7,namecheap,,,17/08/2026 14:55
ceafc5d4-3b80-47a7-929f-0fc2024099c6,relaxing.ceo,premium,248.75,248.75,high,low,8,name.com,,,09/09/2026 13:30
5a6f1c74-dc5a-4b57-864c-bedb2d95c60a,quietly.ceo,available,9.99,146.98,high,low,7,namecheap,,,09/09/2026 08:49
b7e3cb54-f7bb-4784-b504-94f7fdc51db3,partnership.ceo,available,9.99,146.98,high,low,11,namecheap,,,28/09/2026 04:23
be325757-fd68-4b9f-971f-f84b2ea8824a,entertainment.ceo,premium,436.31,436.31,high,low,13,porkbun,,,30/09/2026 13:33
1d6f2e8c-5233-4ee7-9fe2-b0a58b73f706,undigested.ceo,available,9.99,146.98,medium,low,10,namecheap,,,12/09/2026 08:01
ce94dba3-d9ef-46e1-9bf9-0eacea74546e,apr.ceo,available,10.19,129.99,high,low,3,namesilo,,,19/09/2026 22:28
30e9cdb1-96f2-42b9-ba91-6c6934df80a6,folksy.ceo,available,9.99,124.98,medium,low,6,namecheap,,,13/08/2026 04:22
84a5a5e4-d49f-4799-bf63-9fbe0798f007,airing.ceo,available,10.19,129.99,high,low,6,namesilo,,,17/09/2026 23:12
1592d37b-1eed-4185-a431-43a3d2c9821f,tapped.ceo,available,9.99,146.98,high,low,6,namecheap,,,11/09/2026 08:19
4b1ccf70-bd29-4072-a2f7-8a7690f402cf,flaring.ceo,available,9.99,124.98,high,low,7,namecheap,,,
a4849849-fbeb-412c-a4ce-0cc9a2781748,tastefully.ceo,available,10.19,129.99,medium,low,10,namesilo,,,16/09/2026 07:59
d70d5b84-e4ad-4b28-9e09-26a6d3d50b71,bentwood.ceo,available,10.19,129.99,medium,low,8,namesilo,,,23/09/2026 08:47
8002e462-cb96-4ba1-9aa7-9a2054d8b6a7,passable.ceo,available,9.99,146.98,medium,low,8,namecheap,,,24/09/2026 16:16
077b10b8-bc9d-474c-9c91-d24754562f0d,seem.ceo,available,10.19,129.99,high,low,4,namesilo,,,30/09/2026 15:09
000de4cf-b8b6-4e6e-b1c6-ac08f63311cf,aries.ceo,available,10.19,129.99,high,low,5,namesilo,,,20/09/2026 05:23
af3a353b-350a-4548-a658-04f3dcc5c251,obsession.ceo,available,10.19,129.99,high,low,9,namesilo,,,28/09/2026 02:30
b1ff0450-f4f7-4d49-abc0-be8f26064716,bulletin.ceo,available,10.19,129.99,high,low,8,namesilo,,,24/09/2026 11:08
f2cdca34-4c2a-4d5c-a6ac-ff2bc432a30f,lunate.ceo,available,9.99,124.98,medium,low,6,namecheap,,,13/08/2026 06:12
b729802b-23be-4d57-8140-9e4f0ab181d1,sublimated.ceo,available,9.99,146.98,medium,low,10,namecheap,,,11/09/2026 00:06
c6df2e7f-66e6-4337-a557-2dc2b1c958df,precative.ceo,available,9.99,146.98,high,medium,9,namecheap,,,09/09/2026 01:12
654cfc4e-3d41-4880-ab66-29d6a65b200b,rubbery.ceo,available,9.99,124.98,medium,low,7,namecheap,,,20/08/2026 20:09
49729631-3e47-42a8-a34b-8d2f3a947a1d,pinch.ceo,available,9.19,103.7,high,low,5,spaceship,,,28/09/2026 22:16
e1c687b9-2a54-4543-a4f2-dffdcf2bd135,amplifier.ceo,available,10.19,129.99,high,low,9,namesilo,,,18/09/2026 23:40
a2f5ac88-af75-48d5-bf9f-8f0620cc7263,listens.ceo,available,9.99,146.98,medium,low,7,namecheap,,,29/09/2026 11:31
82175bb0-c15d-416b-884f-f6ac8cf32966,flamboyant.ceo,available,10.19,129.99,high,low,10,namesilo,,,22/09/2026 12:57
159eca8d-9e78-4b21-9f86-07f20c0bbc0d,spaciously.ceo,available,9.99,146.98,medium,low,10,namecheap,,,16/09/2026 00:04
55afceca-0243-44f8-90bf-dcb2fea2fcdb,deduction.ceo,available,9.99,107.22,high,low,9,dynadot,,,30/09/2026 09:21
ec656cbf-a432-4500-ad9e-c779e7a580c9,wegener.ceo,available,9.99,146.98,medium,low,7,namecheap,,,18/09/2026 06:39
d7ddef40-6624-47e0-b6c5-be1d308534cc,zilch.ceo,available,9.99,146.98,medium,low,5,namecheap,,,03/09/2026 22:42
a48e84b1-0bc3-4848-a935-01331abc13dd,volunteered.ceo,available,85.2,70.2,medium,low,11,cloudflare,,,28/09/2026 09:06
f538ad24-4852-4d58-898b-cf21978c38a4,tractive.ceo,available,9.99,146.98,medium,low,8,namecheap,,,11/09/2026 18:40
7d1e18dc-c423-40d6-b757-27682a2c89f4,overhaul.ceo,available,9.19,103.7,high,low,8,spaceship,,,30/09/2026 10:14
acbefaf9-3adf-4c7f-84c2-35209f202f4d,entire.ceo,available,9.99,124.98,high,low,6,namecheap,,,17/08/2026 09:57
3dcf0135-f639-41a6-ad0c-dec9bf30153e,comer.ceo,available,10.19,129.99,medium,low,5,namesilo,,,20/09/2026 09:17
60668093-559a-4f12-82ee-6c657bbb6494,seconded.ceo,available,10.19,129.99,medium,low,8,namesilo,,,20/09/2026 15:37
c6805231-1a9b-4fd6-b566-6e1edbecd72c,unethical.ceo,available,9.99,146.98,medium,low,9,namecheap,,,12/09/2026 09:19
e1e6d5d6-9216-4684-b4d9-5574bdbc9750,lon.ceo,available,85.2,70.2,medium,low,3,cloudflare,,,28/09/2026 11:31
6d303d94-fa33-4707-abbb-bf292520323c,yearningly.ceo,available,9.99,146.98,medium,low,10,namecheap,,,15/09/2026 12:56
06319106-5f86-4ca0-82c9-6e9012a1d36c,fortemente.ceo,available,9.99,124.98,medium,low,10,namecheap,,,18/08/2026 12:36
caaa5903-6fa8-4545-b1c6-f6125aac759d,painkiller.ceo,available,9.99,124.98,high,low,10,namecheap,,,
98488eb8-ca28-4f9d-98cb-a44c52217a3e,blouse.ceo,available,9.19,103.7,medium,low,6,spaceship,,,29/09/2026 06:07
e70f557e-dec1-4cc3-85cb-207d807c8526,salacious.ceo,available,9.99,124.98,medium,low,9,namecheap,,,23/08/2026 00:40
17684099-5a1d-49b8-b908-24b1435636db,presenting.ceo,available,9.19,103.7,medium,low,10,spaceship,,,28/09/2026 17:29
8c3b8ec2-1de0-44f8-9c25-e81cda1d8f7e,wastewater.ceo,available,9.99,124.98,medium,low,10,namecheap,,,15/08/2026 15:34
a77d7d6c-e5d0-4fa9-9d75-20b215901377,cutter.ceo,available,85.2,70.2,medium,low,6,cloudflare,,,28/09/2026 13:49
900bb0fa-69b3-4da3-8398-e52252beae6b,pittsfield.ceo,available,9.99,146.98,medium,low,10,namecheap,,,29/09/2026 07:52
170a17a2-0587-4709-adc0-c194587d5687,glasses.ceo,available,9.99,107.22,high,low,7,dynadot,,,29/09/2026 18:45
972b035b-e46c-43ec-9101-bdc80260afe5,shave.ceo,available,9.99,146.98,high,low,5,namecheap,,,08/09/2026 20:41
c058738f-05a0-4cc4-be26-990742681056,acreage.ceo,available,10.19,129.99,high,low,7,namesilo,,,17/09/2026 02:51
dc3f6997-6dd8-4de6-9d98-d70dd0a0e783,bleeding.ceo,available,10.19,129.99,high,low,8,namesilo,,,24/09/2026 05:28
4f6e332c-5efe-4532-af38-e57ca6cdde92,blackmail.ceo,available,10.19,129.99,high,low,9,namesilo,,,24/09/2026 02:52
c6ed5500-c17c-4ce5-8f72-edf055473071,whir.ceo,available,9.99,146.98,medium,low,4,namecheap,,,13/09/2026 11:30
33f05b45-d641-4d62-b8a5-d6a1a8eb6827,siegfried.ceo,available,10.19,129.99,medium,low,9,namesilo,,,30/09/2026 02:51
9554fef4-ce97-4276-bdce-2e0e21e9e78d,uptight.ceo,available,9.99,124.98,medium,low,7,namecheap,,,15/08/2026 09:30
fe51f9c6-0ff3-4df8-b80f-5f648804a76f,consists.ceo,available,10.19,129.99,low,low,8,namesilo,,,29/09/2026 23:07
a788a231-9871-4bdc-990e-b5978890961e,comically.ceo,available,9.99,146.98,medium,low,9,namecheap,,,14/09/2026 07:31
90e99a03-5298-4389-9763-8c733e009d4d,programs.ceo,available,9.78,103.5,medium,low,8,porkbun,,,28/09/2026 08:58
627efbe2-90b8-4ab5-9380-531c0719c0e5,alcedo.ceo,available,10.19,129.99,high,low,6,namesilo,,,18/09/2026 03:52
5faa4d62-408a-4d36-9c7f-2a6a6a57e244,fisherman.ceo,available,10.19,129.99,high,low,9,namesilo,,,28/09/2026 05:43
5c836df2-8898-4ed3-89a2-8ee581670461,sulfur.ceo,available,10.19,129.99,high,low,6,namesilo,,,20/09/2026 22:28
9eee7508-cad7-484b-9733-078319544750,mistflower.ceo,available,10.19,129.99,medium,low,10,namesilo,,,17/09/2026 17:17
e2ef9399-4aab-4f09-971f-a4e3b671f0f9,tiddler.ceo,available,9.99,124.98,medium,low,7,namecheap,,,25/08/2026 00:10
88561c69-4280-4dfd-8937-e09cee523ea2,raton.ceo,available,10.19,129.99,medium,low,5,namesilo,,,28/09/2026 22:49
08e5edc8-9e95-446d-951b-c3bfcca5e735,melville.ceo,available,10.19,129.99,high,low,8,namesilo,,,25/09/2026 07:18
487502d3-c8cd-456c-a948-0c3ee847c95b,aglaia.ceo,available,9.99,146.98,medium,low,6,namecheap,,,17/09/2026 18:17
8b8177a4-ceba-4030-aba1-8d7bc2e602a3,bread.ceo,available,9.99,146.98,high,low,5,namecheap,,,08/09/2026 03:15
bdf2c658-2abe-460e-807e-1b66b66b377d,tristan.ceo,available,9.19,103.7,high,low,7,spaceship,,,29/09/2026 08:15
6cb32112-5770-49b3-8857-0e4fc9cd7a58,pipeline.ceo,available,9.99,107.22,high,low,8,dynadot,,,29/09/2026 01:07
b9993926-5f2f-430e-8cc4-2ace3e5e1c6c,allis.ceo,available,10.19,129.99,medium,low,5,namesilo,,,18/09/2026 11:06
3bfc71f3-72a1-4864-892b-364ec88e2153,anodal.ceo,available,9.99,124.98,medium,low,6,namecheap,,,
9aa46e9e-780c-41e5-828f-876802f2bd74,sonsie.ceo,available,9.99,124.98,medium,low,6,namecheap,,,10/08/2026 20:34
a32793b8-1f70-4f78-964a-75d8d7d819cd,bebop.ceo,available,10.19,129.99,high,low,5,namesilo,,,22/09/2026 22:33
157d31b3-ab23-4ba2-a29a-a36911b65b66,hal.ceo,available,10.19,129.99,high,low,3,namesilo,,,25/09/2026 12:39
68805927-5037-4d55-9ca4-b6fafc437c82,ozarks.ceo,available,9.99,107.22,medium,low,6,dynadot,,,01/10/2026 03:12
17917c06-78d4-4eac-90a7-14707ca13aac,gymnasium.ceo,available,9.19,103.7,high,low,9,spaceship,,,29/09/2026 01:11
63ab1ad6-1a01-4805-89c1-b35d578c1b10,matcha.ceo,available,10.19,129.99,high,medium,6,namesilo,,,01/10/2026 03:44
a8e2a5e0-61af-419b-8031-bb186666d4f0,galling.ceo,available,9.99,124.98,high,low,7,namecheap,,,
15da2b34-df6f-4111-a0bd-02219eec3ee3,barrie.ceo,available,10.19,129.99,medium,low,6,namesilo,,,22/09/2026 08:37
0560b167-22a7-4bb2-8836-ef7a4a87479f,softness.ceo,available,9.99,146.98,high,low,8,namecheap,,,21/09/2026 23:37
48d085db-9365-47af-bca3-e9e6f9e92eca,totals.ceo,available,10.19,129.99,medium,low,6,namesilo,,,20/09/2026 12:03
1ae9082c-a671-47f2-83d9-d444bc41ba20,dalmatia.ceo,available,85.2,70.2,medium,low,8,cloudflare,,,29/09/2026 12:00
3f8bb586-cb7f-4cab-af21-6ccfd2372169,prioritize.ceo,available,9.99,146.98,high,low,10,namecheap,,,30/09/2026 21:21
6ed78d07-e335-4639-ae10-426fc19b7d43,reaches.ceo,available,9.99,146.98,high,low,7,namecheap,,,18/09/2026 18:09
8ab1b3c2-852a-4cbb-9cfd-94b2a4e08c3a,awake.ceo,available,10.19,129.99,high,low,5,namesilo,,,22/09/2026 14:37
e4290b5b-a4d0-432c-86ac-9c5ee38bc009,baja.ceo,available,9.19,103.7,medium,low,4,spaceship,,,29/09/2026 21:54
59436e97-be08-424a-b789-2efa0f94c6af,ballooning.ceo,available,10.19,129.99,high,low,10,namesilo,,,21/09/2026 23:14
5286a121-bc29-4076-bf1f-d3cef0fb4a67,dorothea.ceo,available,9.19,103.7,medium,low,8,spaceship,,,28/09/2026 07:54
1c34cb92-b030-457f-bcf8-18a805779beb,holy.ceo,premium,499,499,high,low,4,name.com,,,21/08/2026 10:43
14a0cc34-6831-4e92-b781-da20781c9176,stanley.ceo,premium,254.72,254.72,high,low,7,namesilo,,,25/09/2026 06:08
228208ff-b1a2-49ef-ac78-cef6b4436a11,mention.ceo,available,10.19,129.99,high,low,7,namesilo,,,29/09/2026 09:27
0217633b-0126-43aa-9a7a-c82382d89561,chan.ceo,available,10.19,129.99,high,low,4,namesilo,,,25/09/2026 11:12
da26a1bb-5e40-4ff7-8224-8fec9a27b66e,historic.ceo,available,9.99,124.98,high,low,8,namecheap,,,21/08/2026 09:51
da2753e0-2ab4-401a-afcc-cfad72f6de01,cried.ceo,available,10.19,129.99,medium,low,5,namesilo,,,27/09/2026 23:35
3585ee67-e0b6-46e5-a0cd-e034d06ecc5f,uneven.ceo,available,9.99,146.98,high,low,6,namecheap,,,04/09/2026 00:48
452bb666-e4bb-4c58-9059-8e484d3c10f5,spoils.ceo,available,10.19,129.99,high,low,6,namesilo,,,30/09/2026 06:19
260c2cb7-984d-4580-aa53-54f13c77138c,unsorted.ceo,available,9.99,146.98,medium,low,8,namecheap,,,12/09/2026 04:50
8face553-1d19-4663-8f7e-dab2b48862ba,unspent.ceo,available,9.99,146.98,high,low,7,namecheap,,,12/09/2026 09:36
2c44cb49-92f1-4027-9e15-3fc407550be1,scalene.ceo,available,9.99,146.98,medium,low,7,namecheap,,,09/09/2026 22:25
0a05b3a7-3ebe-4c5a-86c0-53866a54389d,farfetched.ceo,available,9.99,124.98,medium,low,10,namecheap,,,17/08/2026 22:32
e5041241-0e77-45f5-b65e-0fbe815ba264,motives.ceo,available,9.99,107.22,medium,low,7,dynadot,,,28/09/2026 17:11
00be4b66-a5ad-4478-bc57-de009af2089b,conveyance.ceo,available,9.99,146.98,high,low,10,namecheap,,,01/10/2026 02:33
58a65a27-88bb-46a7-bbf3-ef1398b1dd63,funerals.ceo,available,9.19,103.7,medium,low,8,spaceship,,,29/09/2026 17:32
7a658e36-07f4-4fec-823d-4fbd4c4e9c19,legends.ceo,available,9.19,103.7,high,low,7,spaceship,,,28/09/2026 18:05
43f115c1-be8c-455b-b767-438cd4e24996,arrest.ceo,available,9.99,124.98,high,low,6,namecheap,,,20/08/2026 22:54
2d9ae6e6-c541-4742-8b11-cc85e7f86b12,acne.ceo,available,9.99,146.98,medium,low,4,namecheap,,,28/09/2026 17:51
6c2128b9-6ea9-4c27-a63f-8c5725f439a0,agdistis.ceo,available,10.19,129.99,medium,low,8,namesilo,,,17/09/2026 16:43
6ccac35c-06fb-450a-876b-ffb953d7fdbe,daytona.ceo,available,10.19,129.99,high,low,7,namesilo,,,28/09/2026 04:21
42229ac4-fc95-45e7-b70f-c0fbdc55b03e,lott.ceo,available,9.19,103.7,medium,low,4,spaceship,,,29/09/2026 04:28
b18db309-9a0f-4377-a68a-af34262a9a70,prayers.ceo,available,10.19,129.99,high,low,7,namesilo,,,18/09/2026 03:21
daf4891d-3c4b-4d7f-82c4-dc3075231481,scorched.ceo,available,9.99,124.98,medium,low,8,namecheap,,,
2282c0e8-1163-4fa4-93b7-871725faaf2a,rifle.ceo,available,9.99,146.98,high,low,5,namecheap,,,27/09/2026 04:01
0eb1ef56-b3a2-45fd-bc57-d6f4e248195f,compact.ceo,available,10.19,129.99,high,low,7,namesilo,,,30/09/2026 16:20
f5b76937-52fd-4f2f-a387-4dc358a7b092,carriers.ceo,available,10.19,129.99,medium,low,8,namesilo,,,29/09/2026 05:47
8971c66f-f1e6-4b42-b3c3-5a8b580f06d5,trimly.ceo,available,10.19,129.99,medium,low,6,namesilo,,,16/09/2026 09:29
0033393e-e8d7-40b5-8201-62f8f10acd65,crow.ceo,available,9.99,124.98,high,low,4,namecheap,,,11/08/2026 00:56
d3e81d1a-c77f-47b9-ab72-7c6974fd978e,bookstore.ceo,premium,254.72,254.72,high,low,9,namesilo,,,24/09/2026 07:17
32d6b2cb-71a8-4b8d-ab87-e79c7bb9249b,ipa.ceo,available,10.19,129.99,high,low,3,namesilo,,,29/09/2026 09:21
9fa1ecb9-8a07-48fd-923c-3812248cbdf5,challenges.ceo,available,85.2,70.2,medium,low,10,cloudflare,,,29/09/2026 11:27
2f0ea8de-8db7-442a-89be-359eca08ad40,paths.ceo,available,9.99,146.98,medium,low,5,namecheap,,,18/09/2026 10:52
b6551dda-f756-4d99-8cb5-795b82386e2c,overdressed.ceo,available,10.19,129.99,medium,low,12,namesilo,,,16/09/2026 17:42
eca5a93d-699a-44ff-adc7-e5cc74119172,philips.ceo,available,10.19,109.99,high,medium,7,namesilo,,,
4cf12e4f-365d-42c1-8447-0563bd5978bd,adriana.ceo,premium,218.9,218.9,high,low,7,dynadot,,,30/09/2026 13:18
697111b6-9720-44c7-9f7e-9c59878f2858,alosa.ceo,available,10.19,129.99,medium,low,5,namesilo,,,18/09/2026 13:26
34ab89b1-7021-4f43-a65f-857cf50978b4,vacuous.ceo,available,9.99,124.98,low,low,7,namecheap,,,07/08/2026 02:52
f1e06263-93ca-4a88-98b6-587a17db3cb8,dressy.ceo,available,9.99,124.98,medium,low,6,namecheap,,,14/08/2026 18:57
4cbcc2b9-a752-4c50-9668-a5d8045c34a1,activities.ceo,available,9.99,107.22,medium,low,10,dynadot,,,27/09/2026 22:27
3b549fc9-6fed-458c-8066-1b3d59acdc1f,hungarian.ceo,available,9.99,124.98,high,low,9,namecheap,,,21/08/2026 15:39
951a14a9-6e20-4248-b089-1a65320993af,sandwich.ceo,premium,217.77,217.77,high,low,8,porkbun,,,30/09/2026 10:33
5dccf869-007f-4787-bc07-56face0cc637,equitable.ceo,available,9.99,124.98,high,low,9,namecheap,,,17/08/2026 11:54
9be0f9fa-e266-4370-9840-2c808e978710,plates.ceo,available,10.19,129.99,medium,low,6,namesilo,,,27/09/2026 02:22
d993376b-37c2-471c-827e-405f47b4655c,contend.ceo,available,9.19,103.7,high,low,7,spaceship,,,29/09/2026 11:25
5ccf763b-f15e-4da4-b0bd-589ee3be9388,autoerotic.ceo,available,9.99,124.98,medium,low,10,namecheap,,,07/08/2026 20:01
8d882a80-35fc-4bb5-b8a3-b6d1ac92ddef,divinity.ceo,available,9.99,146.98,high,low,8,namecheap,,,24/09/2026 21:26
56ad163d-cdc3-49ae-b3eb-a23d7681cab8,hay.ceo,available,9.78,103.5,high,low,3,porkbun,,,28/09/2026 14:24
9235c9e1-6c50-4c7a-bccf-286eb9de8b8f,dea.ceo,available,10.19,129.99,high,low,3,namesilo,,,30/09/2026 01:16
c828da3f-1146-481f-a1ab-feb545dd673b,ayatollah.ceo,available,10.19,129.99,high,low,9,namesilo,,,21/09/2026 10:36
53704ca0-cb32-434f-aa49-f0b8189221ed,hale.ceo,available,9.99,124.98,high,low,4,namecheap,,,20/08/2026 22:23
7699504a-b0e1-41a0-9499-a512372f33ca,albescent.ceo,available,9.99,124.98,medium,low,9,namecheap,,,
2820853d-06f3-4680-9592-3440371971db,coccoid.ceo,available,9.99,124.98,medium,low,7,namecheap,,,12/08/2026 14:41
cb37472e-5780-44db-ad11-a9ae5b7e59eb,baobab.ceo,available,10.19,129.99,medium,low,6,namesilo,,,17/09/2026 06:21
b09bd09c-8487-4c1b-8feb-1e990bde8e49,agrology.ceo,available,9.99,146.98,medium,low,8,namecheap,,,17/09/2026 19:36
3a36fe56-b0ac-499c-9e10-5c729ce9cff4,airlines.ceo,available,9.19,103.7,medium,low,8,spaceship,,,28/09/2026 17:53
73fa1e3b-c9c9-4075-9739-3f39ae00cd77,intends.ceo,available,9.19,103.7,medium,low,7,spaceship,,,29/09/2026 11:20
ab849eb9-5dcc-41c6-ab0f-a3c9c736b4cf,viewpoint.ceo,available,9.99,146.98,high,low,9,namecheap,,,29/09/2026 20:00
3412524f-08bf-4990-9743-401bdd20163e,fictional.ceo,available,9.99,124.98,high,low,9,namecheap,,,17/08/2026 20:18
abf53266-6515-4e44-91bb-e7a3fa9f5c57,windblown.ceo,available,9.99,146.98,medium,low,9,namecheap,,,13/09/2026 12:08
8650f18d-06b1-41b7-b30a-9566b8efd731,mutiny.ceo,available,9.19,103.7,high,low,6,spaceship,,,29/09/2026 13:30
937766b6-d827-4c9e-b5ab-30c0beef8f2e,thanking.ceo,available,9.19,103.7,high,low,8,spaceship,,,30/09/2026 12:18
d6d89050-c027-4738-926f-05182f0e9acb,moderato.ceo,available,9.99,124.98,medium,low,8,namecheap,,,25/08/2026 02:58
e6256fb2-560b-4699-a21d-d162360399ae,explains.ceo,available,9.99,146.98,medium,low,8,namecheap,,,19/09/2026 21:05
d4b66289-367c-4263-a07b-7408484aadc1,tipperary.ceo,available,10.19,129.99,medium,low,9,namesilo,,,29/09/2026 09:36
c90ccec3-9690-4bc8-80a7-79d46c11565f,overjoyed.ceo,available,9.99,146.98,high,low,9,namecheap,,,04/09/2026 20:49
d9c8fa42-88e6-44d5-84fe-222fb268a533,huisache.ceo,available,9.99,146.98,medium,low,8,namecheap,,,16/09/2026 20:11
c52c3ae0-4d37-4f64-a184-8e87dbf156cd,smell.ceo,available,9.99,107.22,high,low,5,dynadot,,,27/09/2026 22:50
d99727d9-f353-4f56-ae1f-906122e09cce,glory.ceo,available,85.2,70.2,high,low,5,cloudflare,,,29/09/2026 20:52
d17c4aad-7dcb-41d0-8668-ef5a8b493e93,fund.ceo,premium,206.17,206.17,high,low,4,spaceship,,,28/09/2026 08:44
116fbade-7492-4808-8bea-a7d863f30c93,oatmeal.ceo,available,9.19,103.7,high,low,7,spaceship,,,29/09/2026 05:27
e9d22d10-68c7-4ccd-8166-19c0040e1921,locomotor.ceo,available,9.99,124.98,medium,low,9,namecheap,,,24/08/2026 08:50
d9379e8a-9ff9-458e-8751-7b1fd4548549,retro.ceo,available,10.19,129.99,high,medium,5,namesilo,,,24/09/2026 15:44
2d668eb8-f7e6-4781-830b-53f62dd41ef0,dainty.ceo,available,19.99,141.99,high,low,6,name.com,,,13/08/2026 15:40
7f7b1815-8cc5-4a27-a57f-56da3f12cdbb,airship.ceo,available,9.99,124.98,high,medium,7,namecheap,,,14/08/2026 09:04
4ca4d85a-1693-4110-ba3d-eb317506fa29,gaston.ceo,available,10.19,129.99,high,low,6,namesilo,,,25/09/2026 12:38
8359e637-719e-42cd-93cc-90a2d0585ff8,collegiate.ceo,available,9.99,124.98,high,low,10,namecheap,,,12/08/2026 17:08
ab6dda05-64e6-4c42-ac5b-a3c553023e4e,aided.ceo,available,10.19,129.99,high,low,5,namesilo,,,19/09/2026 12:43
ba34ce59-5815-4141-b39b-3f909c2d95c8,laurence.ceo,premium,206.17,206.17,high,low,8,spaceship,,,30/09/2026 06:35
f3272f35-ce0d-4e40-b5bf-c8af12b41f4f,acadian.ceo,available,9.99,146.98,high,low,7,namecheap,,,16/09/2026 20:29
071dcbe7-7182-4b7c-9a4b-d1581f7b22ba,tenormin.ceo,available,9.99,146.98,medium,low,8,namecheap,,,20/09/2026 20:11
294214ee-b40e-4608-93d5-31d7735027f3,mimic.ceo,available,9.99,124.98,high,low,5,namecheap,,,24/08/2026 23:29
169023fa-16b6-4887-a498-565084a9a75d,cdna.ceo,available,85.2,70.2,medium,low,4,cloudflare,,,30/09/2026 09:00
6b286904-25af-42a9-9029-f774f38f4556,tearing.ceo,available,9.99,146.98,high,low,7,namecheap,,,11/09/2026 09:42
c2350caa-f742-400c-b965-50442eabfa28,idyl.ceo,available,9.99,146.98,high,low,4,namecheap,,,08/09/2026 10:13
3bd735b2-d2b3-4571-91a2-9d7d37f92a7f,calculated.ceo,available,9.99,124.98,high,low,10,namecheap,,,11/08/2026 13:58
93994dd9-d5de-4c9d-a3f2-865d2cce005f,cookies.ceo,available,9.78,103.5,high,low,7,porkbun,,,27/09/2026 23:29
9c6b0eee-caa4-416f-9007-26691ca7e0ad,notifies.ceo,available,9.99,146.98,medium,low,8,namecheap,,,18/09/2026 08:35
7b68a3ac-8412-4726-adf2-62e0250ccb38,lola.ceo,premium,254.72,254.72,high,high,4,namesilo,,,27/09/2026 06:59
2470dd46-b227-45ff-b6fd-812eea6e961b,fashionable.ceo,available,10.19,129.99,high,low,11,namesilo,,,28/09/2026 15:41
aedccfc7-a4a6-4628-b452-891ff5c0f1ac,baseplate.ceo,available,10.19,109.99,medium,low,10,namesilo,,,
4659a0b6-126a-4274-91a4-e492ede590d5,goodish.ceo,available,9.99,124.98,medium,low,7,namecheap,,,20/08/2026 16:34
de44370f-307e-4111-8d2b-0f1f17cddb4f,wearing.ceo,available,9.99,146.98,medium,low,7,namecheap,,,11/09/2026 16:26
b42bd679-097e-4cc9-a54c-60a0769dda56,holistic.ceo,available,9.99,124.98,high,low,8,namecheap,,,21/08/2026 10:30
ea44a547-bcad-4a4b-a810-bfa5a5e20264,altruistic.ceo,available,10.19,129.99,high,low,10,namesilo,,,22/09/2026 02:48
6ec56b68-0f15-4dcd-bd36-9a36d4234b02,servant.ceo,available,10.19,129.99,high,low,7,namesilo,,,25/09/2026 06:52
e41cff04-1034-4e34-838e-aa0f2a985827,married.ceo,available,10.19,129.99,high,low,7,namesilo,,,25/09/2026 16:47
97c93d96-7571-499b-8fa6-be3293775e23,narrates.ceo,available,9.99,107.22,medium,low,8,dynadot,,,29/09/2026 17:58
ce7fbe8a-a8a2-4283-9cb3-1e0a730f7f42,disuse.ceo,available,9.99,146.98,medium,low,6,namecheap,,,24/09/2026 23:14
5c06d680-22cd-4e20-85ed-e14703e135d4,beaches.ceo,available,10.19,129.99,high,low,7,namesilo,,,20/09/2026 07:25
2c91679c-4752-4d3b-b716-90cd40bbe582,hostelry.ceo,available,19.99,149.99,medium,low,8,name.com,,,21/09/2026 02:26
e8f62d71-a1e6-4779-a1b8-571f1c1ce9f3,impressed.ceo,available,10.19,109.99,high,low,9,namesilo,,,
8dc6dcc2-a130-411f-8d5b-d4b047b12bf2,ripe.ceo,available,10.19,129.99,high,low,4,namesilo,,,27/09/2026 15:25
04b4dd3b-ed59-4e6d-8eb3-44a8c08ade09,spoilt.ceo,available,9.99,124.98,medium,low,6,namecheap,,,10/08/2026 14:19
57846fb1-963d-4cf0-99d6-10c818d5c521,insomniac.ceo,available,9.99,124.98,high,low,9,namecheap,,,22/08/2026 07:22
c4997522-0343-4eab-828f-7e116ba31baf,flexing.ceo,available,19.99,,high,low,7,name.com,,,
cb7f1975-fdc3-495a-ad21-2e27ee287583,actors.ceo,premium,248.75,,medium,low,6,name.com,,,
7eccd33f-927d-4557-959b-b1cd9ce03019,lean.ceo,resell,,,high,low,4,"GoDaddy.com, LLC",28/03/2014 16:01,27/03/2027 23:59,26/09/2026 07:10
b054cfec-85a8-484c-b294-3bcec6d37131,wiggler.ceo,available,10.19,129.99,medium,low,7,namesilo,,,19/09/2026 06:38
11f53484-4338-4c1b-aae7-02b42d074c22,kobe.ceo,premium,218.9,218.9,high,low,4,dynadot,,,28/09/2026 02:14
d1fd816d-a9ab-4035-9772-0c8d05a6b70e,discourse.ceo,available,10.19,129.99,high,low,9,namesilo,,,23/09/2026 22:52
5a710779-9a35-44ee-8395-f56c7529a408,latticed.ceo,available,9.99,124.98,medium,low,8,namecheap,,,22/08/2026 08:06
99eca68b-4049-420f-ab9f-ed174fe5fcbb,indocile.ceo,available,9.99,124.98,medium,low,8,namecheap,,,22/08/2026 03:18
418f1e29-9ab7-4e36-9587-969c72d93097,nikola.ceo,available,10.19,129.99,high,low,6,namesilo,,,29/09/2026 22:11
1580ffe7-8628-497e-bb2e-bd18bd0362eb,feature.ceo,available,9.78,103.5,high,low,7,porkbun,,,30/09/2026 13:50
0661831c-70df-49e1-bfb3-bf54b5a0fd99,sealed.ceo,available,9.19,103.7,high,low,6,spaceship,,,27/09/2026 18:59
81a68735-591e-48ad-b226-349a04fdd8b0,ahmedabad.ceo,available,85.2,70.2,medium,low,9,cloudflare,,,30/09/2026 13:11
1728d7df-cbb3-43f6-bd6e-71a1be5ebe10,brimful.ceo,available,9.99,124.98,medium,low,7,namecheap,,,11/08/2026 04:08
1b9a61b8-cb42-4716-9bb3-f153dfb32552,rectified.ceo,available,9.99,146.98,medium,low,9,namecheap,,,09/09/2026 11:55
518d3a5d-4b71-4e5e-987c-c7341ca72deb,graham.ceo,available,9.99,146.98,high,low,6,namecheap,,,23/09/2026 16:49
03839f2b-6ae6-464b-a086-25b09901ae62,cxxx.ceo,available,9.99,124.98,high,low,4,namecheap,,,
908e05de-d777-4cbf-b9a9-c9234f3c72d0,achromic.ceo,available,9.99,124.98,medium,low,8,namecheap,,,
f487001c-cd68-486e-9270-4394cf769f6b,angelim.ceo,available,10.19,129.99,medium,low,7,namesilo,,,19/09/2026 03:59
cc4d2aec-38b0-4b31-be8f-3eb32ea029ef,unwilling.ceo,available,9.99,146.98,medium,low,9,namecheap,,,12/09/2026 22:40
50d491e9-7e21-48da-99b7-770e280fac70,colourise.ceo,available,9.99,124.98,medium,low,9,namecheap,,,12/08/2026 17:38
08a7d774-0e4d-4d9d-9ba8-7d495e3cc44e,wanda.ceo,premium,413.37,413.37,medium,low,5,spaceship,,,28/09/2026 07:42
854c97a6-a3d8-46ac-85e1-42e80bbad5b2,inner.ceo,available,10.19,129.99,high,low,5,namesilo,,,25/09/2026 11:08
6c9d35f9-49eb-409b-856c-52afd90db409,correctional.ceo,available,9.19,103.7,medium,low,12,spaceship,,,29/09/2026 14:55
8776b3f7-a095-4e62-b41c-3f518636bbdf,stems.ceo,available,9.99,107.22,medium,low,5,dynadot,,,30/09/2026 05:53
23670515-578c-4d23-848f-9128baa59859,dortmund.ceo,available,9.19,103.7,medium,low,8,spaceship,,,29/09/2026 18:41
10f2a241-85c3-49eb-8568-01e79ae100ad,amish.ceo,available,9.99,146.98,high,low,5,namecheap,,,18/09/2026 21:52
84556783-a934-4b03-b51d-d5ceafa627b5,hottest.ceo,available,10.19,129.99,medium,low,7,namesilo,,,28/09/2026 13:20
6d76a2df-0cf0-4e39-b26c-04c7dd476441,anagoge.ceo,available,10.19,129.99,medium,low,7,namesilo,,,19/09/2026 01:27
c5f92a0d-490e-4077-a7ba-d484190d0de9,zamang.ceo,available,10.19,129.99,medium,low,6,namesilo,,,18/09/2026 03:18
e5dad372-ace6-4f1c-899e-79df4cae02b6,applet.ceo,available,9.99,146.98,high,low,6,namecheap,,,19/09/2026 21:38
d83381c1-f3b0-4dfb-b5d9-70ab5fe6d855,housed.ceo,available,10.19,129.99,high,low,6,namesilo,,,30/09/2026 15:37
ad267e91-26df-46c9-aefc-90a95b516d17,toes.ceo,available,10.19,129.99,medium,low,4,namesilo,,,17/09/2026 01:11
42bea080-e702-4186-81f5-4347ad64f7b0,peso.ceo,available,10.19,129.99,high,low,4,namesilo,,,24/09/2026 14:37
b0cd3901-efcd-48c4-a377-1bf4331086c1,bishop.ceo,available,10.19,129.99,high,low,6,namesilo,,,23/09/2026 21:47
50a1762a-898a-4350-a2a6-ac98f31d89da,pavel.ceo,available,85.2,70.2,medium,low,5,cloudflare,,,28/09/2026 12:06
474143fc-35a5-4f0b-a28d-24e53c15397f,assumes.ceo,available,10.19,129.99,medium,low,7,namesilo,,,30/09/2026 07:17
f38a5ad7-6349-4633-96c7-f9b7aa036823,slave.ceo,available,9.19,103.7,high,low,5,spaceship,,,29/09/2026 22:14
ebf7961f-cbce-4160-8c93-b460eba2639f,fractions.ceo,available,10.19,129.99,medium,low,9,namesilo,,,20/09/2026 01:27
3f7c43df-d821-4658-b8d9-055e101daa47,towing.ceo,available,9.99,107.22,high,low,6,dynadot,,,30/09/2026 03:48
2fad2962-aec8-47aa-a16a-639ef2c035dd,pester.ceo,available,9.99,146.98,medium,low,6,namecheap,,,21/09/2026 17:02
81cadbcd-0017-48d5-b0a1-3f84aa07e32f,evangeline.ceo,available,9.19,103.7,high,low,10,spaceship,,,30/09/2026 21:10
8e2f0b10-9711-4dbc-b5cb-099e6b0410a3,railroads.ceo,available,9.19,103.7,medium,low,9,spaceship,,,30/09/2026 07:33
37cacc99-a838-4149-8519-29cf7d873cd1,studious.ceo,available,9.99,124.98,high,low,8,namecheap,,,10/08/2026 19:10
2e28bab4-f354-48a1-a2d8-03133a1c3515,blae.ceo,available,9.99,124.98,medium,low,4,namecheap,,,10/08/2026 12:24
ce620730-46b7-4182-9624-b4e67c0cf92d,misguided.ceo,available,9.99,124.98,medium,low,9,namecheap,,,21/08/2026 18:57
98d62840-eef8-417f-9e30-3edbe7569bdf,floors.ceo,available,85.2,70.2,medium,low,6,cloudflare,,,27/09/2026 22:02
cb55b8eb-0788-4225-afd8-c6d0c5fad505,petrol.ceo,available,9.19,103.7,high,low,6,spaceship,,,30/09/2026 09:53
1b12a3ba-4260-4fe4-b73c-e0041130597e,deary.ceo,available,19.99,141.99,medium,low,5,name.com,,,13/08/2026 18:21
0e98ba87-8e2b-4f97-a714-305b6b839b3f,takes.ceo,available,10.19,109.99,medium,low,5,namesilo,,,
95c0508e-b2fe-4270-817d-09f62bce39cf,basin.ceo,available,10.19,129.99,high,low,5,namesilo,,,22/09/2026 10:56
1d4cd77b-e786-44f6-bc68-8a7d462325b1,dslr.ceo,available,10.19,109.99,high,low,4,namesilo,,,
7a4e9fcf-38da-43ec-a776-fb4132452b81,huddled.ceo,available,9.99,124.98,medium,low,7,namecheap,,,21/08/2026 14:34
2675f42c-7664-400b-8227-c35d8489f19b,worth.ceo,available,9.78,103.5,high,low,5,porkbun,,,28/09/2026 11:03
b3c1dcf4-0741-4e08-92e6-b1e84ca9058a,penelope.ceo,available,85.2,70.2,medium,low,8,cloudflare,,,29/09/2026 19:00
deaf8d2e-558a-4eaa-bd8e-98ef8c6abecc,saleh.ceo,available,9.19,103.7,high,low,5,spaceship,,,29/09/2026 22:35
276e1ec9-19d4-40fa-94e3-e0b7468d0cad,galapagos.ceo,available,9.19,103.7,high,low,9,spaceship,,,30/09/2026 17:26
2803b5af-3ded-423c-afbd-5e5767f4ada1,sampling.ceo,available,9.99,146.98,high,low,8,namecheap,,,30/09/2026 02:46
8d28533d-0965-4c3e-bddc-4a497ea21363,proscribed.ceo,available,9.99,124.98,medium,low,10,namecheap,,,18/08/2026 11:01
176fc95d-1acc-4709-b915-c9001c38c828,dorsal.ceo,available,9.99,124.98,high,low,6,namecheap,,,
264f8a18-71b8-4dcc-9bf6-d4e8e89c910d,heartbreak.ceo,available,9.99,146.98,high,low,10,namecheap,,,30/09/2026 00:54
71962a5f-2f10-4d14-b500-ed59bebd7939,taps.ceo,available,9.19,103.7,high,low,4,spaceship,,,29/09/2026 20:29
ab89a75f-00ee-44b0-a8ac-13617c189e80,freight.ceo,premium,206.17,206.17,high,low,7,spaceship,,,28/09/2026 06:23
732bf169-ed1c-4e59-9391-5feaeffa9972,greenwich.ceo,available,9.19,103.7,high,low,9,spaceship,,,29/09/2026 12:58
2c706d9c-014f-482f-b431-83e60aa14427,macaulay.ceo,available,9.99,146.98,medium,low,8,namecheap,,,28/09/2026 14:12
902ee9f9-a66f-49ec-9d0a-96eb48054ed8,desk.ceo,available,,,high,low,4,,,,
e49cf6b9-f0bb-4684-abbf-d1e7937212b6,graduate.ceo,available,9.99,124.98,high,low,8,namecheap,,,20/08/2026 17:51
b14a7663-ffc0-4031-b286-9853c636469d,eon.ceo,available,10.19,129.99,high,low,3,namesilo,,,17/09/2026 12:38
ceeddd44-b65a-47c9-b93f-d44712a21b6b,rainfall.ceo,available,10.19,129.99,high,low,8,namesilo,,,30/09/2026 10:55
f1babdfb-19b8-42d3-9cae-a87b23976c4d,fiona.ceo,available,9.19,103.7,high,low,5,spaceship,,,28/09/2026 03:47
26dd7335-247d-4803-9388-d6934a77b63d,praetorian.ceo,available,9.99,146.98,high,medium,10,namecheap,,,09/09/2026 00:58
f36a377d-82b1-45c0-beb3-99ac2a98f32a,audiogram.ceo,available,10.19,129.99,medium,low,9,namesilo,,,21/09/2026 02:55
a2016f15-d127-462a-b81e-747d626d1fb3,barometer.ceo,available,10.19,129.99,high,low,9,namesilo,,,22/09/2026 07:00
6e94df44-692b-4242-8010-86815ceee21e,handrail.ceo,available,10.19,129.99,high,low,8,namesilo,,,22/09/2026 00:31
d0626183-7c91-4d2f-8551-af3783bcec33,usages.ceo,available,9.78,103.5,low,low,6,porkbun,,,29/09/2026 05:10
8de2aaae-8c21-4c92-9a6e-c506409d2bb8,incognito.ceo,available,9.99,124.98,high,low,9,namecheap,,,22/08/2026 01:36
a9eabc90-d2e0-401d-86a9-81e2634b6e99,shambolic.ceo,available,9.99,146.98,medium,low,9,namecheap,,,10/09/2026 05:51
8c1dff99-2671-487c-b082-57febacaab8c,regions.ceo,available,10.19,129.99,high,medium,7,namesilo,,,17/09/2026 14:38
c1c75736-2599-4146-9e25-fdcc18835081,farr.ceo,available,10.19,129.99,medium,low,4,namesilo,,,28/09/2026 22:15
b39f0ec0-f966-4563-ac91-5056ad634675,honors.ceo,available,9.99,146.98,medium,low,6,namecheap,,,28/09/2026 13:12
74ef27ef-641e-4c2f-a681-ec106f382b0b,boating.ceo,available,9.99,107.22,high,low,7,dynadot,,,29/09/2026 18:01
512cc49c-e075-46e0-876c-f4ad0a110a86,adored.ceo,available,9.99,146.98,high,low,6,namecheap,,,21/09/2026 19:35
f1c976bf-32f0-4cf3-b7e9-9e2b329cfd8b,ratty.ceo,available,9.99,124.98,medium,low,5,namecheap,,,25/08/2026 06:53
e08a25e0-7391-4b5f-b637-95ccc8a2eba6,optic.ceo,available,10.19,129.99,high,low,5,namesilo,,,25/09/2026 23:58
3e7018ad-5279-4d44-9343-a012746f52b8,bonk.ceo,available,10.19,129.99,medium,low,4,namesilo,,,22/09/2026 10:31
4b18fc4b-5856-4d20-8d7a-cfe7ce2be9b7,leblanc.ceo,available,10.19,129.99,high,low,7,namesilo,,,29/09/2026 15:54
7290c118-4174-4418-b992-79bba75a898f,ludlow.ceo,available,9.19,103.7,medium,low,6,spaceship,,,27/09/2026 23:11
bd27066d-57a8-4c93-8e2e-382357261e38,mosses.ceo,available,9.99,107.22,low,low,6,dynadot,,,29/09/2026 05:08
91b7970f-b059-43cf-9dfd-efd375669c27,grudging.ceo,available,9.99,124.98,medium,low,8,namecheap,,,20/08/2026 20:31
d7328236-b8c8-441e-927b-b83e256c7c82,sheik.ceo,available,19.99,141.99,high,low,5,name.com,,,13/08/2026 17:11
5c7c6c02-2658-4f2b-b17c-3d7c7ae276a4,koestler.ceo,available,9.99,146.98,medium,low,8,namecheap,,,20/09/2026 10:57
5cc14b3a-1098-474a-8834-20ebf1c3ce48,uprightly.ceo,available,9.99,146.98,medium,low,9,namecheap,,,15/09/2026 01:06
a2592cb6-deb6-49e9-9221-7556b7290093,epizoon.ceo,available,9.99,124.98,medium,low,7,namecheap,,,15/08/2026 00:52
80bde100-37f5-42d9-b388-836ae6607393,kemp.ceo,available,9.19,103.7,medium,low,4,spaceship,,,29/09/2026 02:56
ee6f4c02-d5c6-461b-a9c7-9d1c2913dc6f,xeric.ceo,available,9.99,146.98,medium,low,5,namecheap,,,13/09/2026 14:07
cc5a5a44-a925-4ad7-a810-89357e103bcf,textbook.ceo,premium,258.7,258.7,high,low,8,namecheap,,,23/09/2026 13:09
57546260-e06c-4ca3-bbd3-baefcfab7be4,athanasius.ceo,available,9.99,146.98,medium,low,10,namecheap,,,20/09/2026 20:26
acf6b931-975b-4c6f-be16-6a1159a85488,chant.ceo,available,19.99,149.99,high,low,5,name.com,,,24/09/2026 13:41
88c27c15-45fc-4e55-bb6b-b11bfd6d1566,assignee.ceo,available,10.19,129.99,high,low,8,namesilo,,,20/09/2026 16:23
ddb6a76d-67c8-4ace-a5a3-5cb805a1ba77,guevara.ceo,available,9.19,103.7,high,low,7,spaceship,,,29/09/2026 11:54
95d1b49e-5887-4303-8a26-f58aae748ad0,oversight.ceo,available,9.99,107.22,high,low,9,dynadot,,,29/09/2026 23:43
07fafe14-89a8-4088-9313-bae2f57dc061,swine.ceo,available,10.19,129.99,high,low,5,namesilo,,,29/09/2026 02:16
85432b80-1bbf-4bd9-8fd2-38bbcc4349a0,funnily.ceo,available,9.99,146.98,medium,low,7,namecheap,,,14/09/2026 20:40
70511131-0d7e-4b3b-a7c7-d603f7d411f0,aldrich.ceo,available,85.2,70.2,medium,low,7,cloudflare,,,28/09/2026 04:14
267b67ac-56f9-420b-a9d3-a94efc890f6e,agaricus.ceo,available,10.19,129.99,medium,low,8,namesilo,,,17/09/2026 16:23
b1ea7a36-329b-478a-9df6-87adbc559b4b,poorly.ceo,available,10.19,129.99,medium,low,6,namesilo,,,25/09/2026 07:34
106b837a-a126-440c-a6f3-4a88eddfc5cd,wetlands.ceo,available,10.19,129.99,medium,low,8,namesilo,,,30/09/2026 14:22
eb1b0b79-b3b2-425b-a8c3-12f3233667d2,barron.ceo,available,10.19,129.99,high,low,6,namesilo,,,27/09/2026 08:02
24a032ed-0414-42b7-a650-83d8bac278bf,brett.ceo,premium,258.7,258.7,high,low,5,namecheap,,,28/09/2026 07:03
37a99221-dd36-492d-9641-b97d66953326,margery.ceo,available,9.19,103.7,medium,low,7,spaceship,,,30/09/2026 04:51
5bfadbc8-79bb-4ecd-9dd7-d079502c0601,footprint.ceo,available,10.19,129.99,high,low,9,namesilo,,,29/09/2026 12:23
38d09cf7-877c-4512-97fd-26afbc90a694,autostrada.ceo,available,10.19,129.99,medium,low,10,namesilo,,,21/09/2026 07:54
74881ff1-5a8f-49b6-919a-992adefc5cbb,lxxxi.ceo,available,9.99,124.98,medium,low,5,namecheap,,,
28d864a0-c4a4-48b1-bd46-47320527d27b,risks.ceo,available,10.19,129.99,medium,low,5,namesilo,,,20/09/2026 06:40
7618d44d-0821-45a4-b123-6976129abd02,taipeh.ceo,available,9.99,146.98,medium,low,6,namecheap,,,24/09/2026 12:26
d963cbe5-fca4-4f28-ab8a-c5e664a57bce,graphical.ceo,available,9.99,124.98,high,low,9,namecheap,,,20/08/2026 18:11
83394628-d9b8-413d-8628-b99ae5d0254a,conscience.ceo,available,9.99,146.98,high,low,10,namecheap,,,29/09/2026 11:04
9b96908c-2a72-4c88-a002-226540e00db9,cyprian.ceo,available,19.99,141.99,medium,low,7,name.com,,,13/08/2026 14:02
6e284f69-968b-4b34-85cb-d0bf918f7514,along.ceo,available,9.99,146.98,high,high,5,namecheap,,,26/09/2026 00:12
95158bdc-6db6-4d55-aabc-58c7b709c761,tyre.ceo,available,85.2,70.2,high,low,4,cloudflare,,,29/09/2026 08:11
aa52fca6-eb73-4580-a44f-218838d9520c,shining.ceo,available,10.19,129.99,high,low,7,namesilo,,,23/09/2026 11:49
8375d5fe-6605-4ea2-8f69-44288d33c381,announcement.ceo,available,10.19,129.99,high,low,12,namesilo,,,26/09/2026 00:47
e420d1fe-ab39-4024-b01e-b74d2681dee7,avena.ceo,available,10.19,129.99,high,low,5,namesilo,,,21/09/2026 08:53
3815f5b8-7a43-4f9c-8ebb-f91bdb03dec5,threadbare.ceo,available,9.99,124.98,medium,low,10,namecheap,,,08/08/2026 11:10
b780e653-be89-4e39-bcb9-c8e30bc1bb74,pan.ceo,available,9.99,146.98,high,low,3,namecheap,,,29/09/2026 11:32
e7653ea5-7b9c-477e-a841-36cbde8679d5,maximum.ceo,available,9.99,146.98,high,low,7,namecheap,,,25/09/2026 18:14
c2030d4d-d6b1-4f6a-80b2-d174c0f9393c,scabby.ceo,available,9.99,146.98,medium,low,6,namecheap,,,09/09/2026 22:13
baa55f3f-c1c8-4c99-850f-3e986b164453,calculous.ceo,available,9.99,124.98,medium,low,9,namecheap,,,11/08/2026 14:05
db10c5cb-6268-43f4-b77b-cb421e1e848e,armeria.ceo,available,10.19,129.99,medium,low,7,namesilo,,,20/09/2026 06:43
341513a9-6b15-47b6-83da-b519cb1199c1,looked.ceo,available,10.19,129.99,high,low,6,namesilo,,,18/09/2026 11:20
9ed8b9e2-d189-4d76-86cd-2c187b91e6cc,csm.ceo,available,9.99,146.98,high,low,3,namecheap,,,30/09/2026 20:24
120dd87f-953b-48be-b017-c790e8bd5e4d,acervate.ceo,available,9.99,124.98,medium,low,8,namecheap,,,
7fe26b8f-3014-4d45-99f3-452ce2049963,afghani.ceo,available,9.99,124.98,medium,low,7,namecheap,,,
8da5e562-22ff-4710-bfe0-8353478c8516,warburg.ceo,available,10.19,129.99,medium,low,7,namesilo,,,16/09/2026 19:40
da2d5226-e9ea-43b9-9c7d-f162c6eff482,albuterol.ceo,available,10.19,129.99,high,low,9,namesilo,,,18/09/2026 03:32
6630f6e0-1ea1-48ac-838e-0e2ec2fee2f7,clunk.ceo,available,9.99,146.98,medium,low,5,namecheap,,,11/09/2026 15:10
e76cb3bd-6f63-496a-9ee6-c6fb6901c36d,appl.ceo,available,9.99,146.98,high,low,4,namecheap,,,29/09/2026 21:44
ef133332-a7b2-4f43-9650-cc7f2b412dd7,backhand.ceo,available,9.99,124.98,high,low,8,namecheap,,,08/08/2026 05:43
08d4004d-52b9-46aa-98c5-539a9aaaac8a,nifty.ceo,premium,248.75,248.75,high,low,5,name.com,,,08/08/2026 12:38
5d6360b4-5de4-40b2-a747-99f58e7e73d0,straighten.ceo,available,9.99,146.98,high,low,10,namecheap,,,11/09/2026 15:43
77d0290c-b8d9-4fb0-b332-dee855d96920,lambeth.ceo,available,9.78,103.5,medium,low,7,porkbun,,,29/09/2026 04:58
3ed0c7ac-110d-4cc9-adb4-78b59a6dca29,alexei.ceo,available,9.19,103.7,high,low,6,spaceship,,,29/09/2026 10:07
e76ff9ca-0313-4bf0-b198-bcba72953399,baruch.ceo,available,10.19,129.99,medium,low,6,namesilo,,,22/09/2026 09:33
7cc7f578-dfc0-4401-9324-f0a724a918a1,yellowcake.ceo,available,19.99,,medium,low,11,name.com,,,
17b98a91-af08-4cae-981a-9816953d80b6,enured.ceo,available,9.99,124.98,low,low,6,namecheap,,,17/08/2026 09:59
9791429e-0ef1-4e5f-bfb2-e0b2b9d589f8,streetfighter.ceo,available,19.99,,medium,low,14,name.com,,,
5c1e6f21-48c6-4349-b8a3-4b6ab2118402,monterey.ceo,available,85.2,70.2,high,low,8,cloudflare,,,30/09/2026 02:19
0a336432-3bdd-404d-bf8e-7ea4ec2f0c56,bowers.ceo,available,85.2,70.2,medium,low,6,cloudflare,,,30/09/2026 21:44
8985e83a-f2c4-4393-9729-7b540eeffecc,helium.ceo,available,10.19,129.99,high,low,6,namesilo,,,20/09/2026 22:31
d5b4e893-bfb1-45ab-b20e-927855f9d070,exceeding.ceo,available,9.99,124.98,high,low,9,namecheap,,,17/08/2026 15:59
4ac9e101-5147-4cba-afb5-80fe0fee3292,diabolic.ceo,available,9.99,124.98,medium,low,8,namecheap,,,14/08/2026 01:28
6f7c7dda-f78b-48d6-bbc8-75453756c3ac,terzetto.ceo,available,9.99,124.98,medium,low,8,namecheap,,,
866359df-f0f3-45de-b471-5c8ba7fd2519,unlike.ceo,available,9.99,107.22,high,low,6,dynadot,,,28/09/2026 09:47
1ab1adf6-63b4-469b-911c-fec51af4edfb,woodpecker.ceo,available,10.19,129.99,high,low,10,namesilo,,,30/09/2026 10:50
171aa167-e970-4e32-9cd7-23866a9436ce,snapping.ceo,available,10.19,109.99,high,low,8,namesilo,,,
dc1a54fd-943c-451b-a7fd-2caf92b98875,undersea.ceo,available,9.99,146.98,high,low,8,namecheap,,,11/09/2026 00:18
038843a7-3a52-448f-9338-d30bb58bb572,bonds.ceo,available,85.2,70.2,high,low,5,cloudflare,,,28/09/2026 04:31
47ff06c4-5ea4-4f64-a139-7208174a9292,steadied.ceo,available,9.99,146.98,medium,low,8,namecheap,,,10/09/2026 19:30
103956bb-e996-4078-a798-2dc5e6eeeb07,rosaceous.ceo,available,9.99,146.98,high,medium,9,namecheap,,,09/09/2026 18:39
4332510a-389b-43dd-8c52-783c26a13fda,assaulter.ceo,available,10.19,129.99,medium,low,9,namesilo,,,17/09/2026 17:42
102f3680-36c1-415c-9f39-47831e4d5c88,virago.ceo,available,10.19,129.99,high,low,6,namesilo,,,18/09/2026 16:19
e5c68827-b4dc-4c5a-8aba-a57b3d429936,subsequent.ceo,available,9.99,146.98,high,low,10,namecheap,,,11/09/2026 00:44
2645b1c0-517a-4484-a36f-122cfe53b1b1,deciduous.ceo,available,9.99,124.98,medium,low,9,namecheap,,,13/08/2026 21:26
4761d311-23a9-4c6b-838a-d7ef3096ad12,evidenced.ceo,available,9.99,124.98,high,low,9,namecheap,,,17/08/2026 15:00
2cd9cdb4-0371-4acd-92d3-b0c3bf6be361,atriplex.ceo,available,10.19,129.99,medium,low,8,namesilo,,,21/09/2026 00:45
52650faa-795f-4c47-981f-1dbce5730fa1,drs.ceo,available,9.19,103.7,medium,low,3,spaceship,,,28/09/2026 22:08
ece05e4c-68c0-42ac-bb9f-ddc7722a33c4,esophageal.ceo,available,9.99,124.98,medium,low,10,namecheap,,,17/08/2026 13:16
3da8fb5c-0c81-444a-b498-5b8c6107f31b,dresser.ceo,available,10.19,129.99,high,low,7,namesilo,,,17/09/2026 05:17
65ca09fb-59af-4770-9f5b-a982d9eacb3e,zapata.ceo,available,85.2,70.2,high,low,6,cloudflare,,,29/09/2026 18:45
803b90f2-cfbf-4cc5-a9d3-1993e3406e43,berserker.ceo,available,9.99,124.98,medium,low,9,namecheap,,,09/08/2026 15:17
e0e0e33d-9432-4d63-8d8c-93d03e53d158,gave.ceo,available,10.19,109.99,medium,low,4,namesilo,,,
b68b5ccc-e547-48ab-83ae-9e69a1b99824,shaggy.ceo,available,9.99,124.98,medium,low,6,namecheap,,,11/08/2026 11:17
c8c56ade-b02e-4d70-9440-6f3ac768dd63,wiped.ceo,available,9.19,103.7,low,low,5,spaceship,,,28/09/2026 04:58
8ad3ed01-bbc6-4bd1-b582-9f1424f05191,visitors.ceo,available,10.19,129.99,high,low,8,namesilo,,,18/09/2026 16:57
5c8df70a-9937-464d-b988-1584e055bf47,pursuing.ceo,available,9.99,146.98,high,medium,8,namecheap,,,09/09/2026 06:27
5a6ee2c4-e5de-435a-b101-da4e4acbaee1,excused.ceo,available,9.99,124.98,medium,low,7,namecheap,,,17/08/2026 16:44
be2aba79-400a-4904-b757-c0e7b2d2ad62,sikkim.ceo,available,10.19,129.99,medium,low,6,namesilo,,,30/09/2026 02:52
88781855-dd93-4103-b2e1-d9700e1beb63,supple.ceo,available,9.99,124.98,high,low,6,namecheap,,,23/08/2026 11:09
e46059f1-d1a3-4328-859b-0dc91b866e90,deserts.ceo,available,9.19,103.7,high,low,7,spaceship,,,01/10/2026 01:30
3cda2dfa-48c2-44c6-b913-90324119adbe,impacted.ceo,available,9.99,124.98,medium,low,8,namecheap,,,21/08/2026 21:36
6a0712bd-00d7-4af6-9a23-13f13a87ea68,vague.ceo,available,10.19,129.99,high,low,5,namesilo,,,25/09/2026 23:34
f9586dd4-8674-4365-89f5-fda910435f2b,bhp.ceo,available,9.19,103.7,high,low,3,spaceship,,,29/09/2026 21:45
26918daa-379e-4c3d-a81c-0f2cd077c861,experts.ceo,premium,413.37,413.37,high,low,7,spaceship,,,28/09/2026 04:32
efcbe21a-67d9-4442-89a4-f961a84e5dbb,canadas.ceo,available,19.99,,medium,low,7,name.com,,,
df7621c8-43a6-43b4-b7d8-9d6ef63223c7,ataxic.ceo,available,9.99,124.98,medium,low,6,namecheap,,,07/08/2026 12:32
318c5914-9b63-415f-9d71-aa1e20daa6cd,putrid.ceo,available,9.99,146.98,high,medium,6,namecheap,,,09/09/2026 06:43
7b1ce584-e547-45f5-9e03-b1cbeeb3e8ee,ixl.ceo,available,9.99,124.98,medium,low,3,namecheap,,,
b1e4ef99-011d-4997-b585-936fc47bd7d3,minimize.ceo,available,9.19,103.7,high,low,8,spaceship,,,29/09/2026 20:40
ed4014a1-0bfb-448a-824d-57d9a8a4af51,ica.ceo,available,10.19,129.99,high,low,3,namesilo,,,28/09/2026 16:04
2ea541a5-5877-4011-8d9f-3e94ff67942f,abaya.ceo,available,19.99,149.99,medium,low,5,name.com,,,16/09/2026 14:18
b11f5988-d5f4-4741-8285-7350fa0444c0,floaty.ceo,available,9.99,124.98,high,low,6,namecheap,,,11/08/2026 10:08
ca74396a-6d10-4154-a9c6-cfa19e8902a9,nonplus.ceo,available,19.99,149.99,medium,low,7,name.com,,,21/09/2026 17:34
ed632181-8149-4508-b7f7-c9c1728dcb49,squeaky.ceo,available,9.99,146.98,medium,low,7,namecheap,,,10/09/2026 00:04
2e111297-5d2c-48b7-b14f-8d36a0edc007,slouchy.ceo,available,10.19,129.99,medium,low,7,namesilo,,,19/09/2026 04:23
bd2290aa-bef0-4376-a9d6-d68108cea076,unfretted.ceo,available,9.99,146.98,medium,low,9,namecheap,,,12/09/2026 10:45
c1397f3c-98c6-4207-a287-72ade9c1d43f,essays.ceo,available,9.19,103.7,medium,low,6,spaceship,,,30/09/2026 06:39
a70ca9f1-713b-4cbd-8dad-a5088e67de89,orthopedic.ceo,available,9.99,146.98,high,low,10,namecheap,,,04/09/2026 18:03
4c349226-a108-46e5-926d-82739fb0323f,celebrated.ceo,available,9.99,124.98,high,low,10,namecheap,,,11/08/2026 23:10
d6db364f-4a18-4769-ae5c-bc4f25498223,choir.ceo,available,9.19,103.7,high,low,5,spaceship,,,29/09/2026 08:52
ac4013aa-d473-482c-8a3e-d1c3f4f3c0ec,numerous.ceo,available,9.99,124.98,high,low,8,namecheap,,,22/08/2026 23:01
949b75ba-766c-4d15-a25f-65e5efbddaf7,examples.ceo,available,9.19,103.7,medium,low,8,spaceship,,,29/09/2026 11:13
cbbb91bf-a1f5-4bcb-9c66-b1942522486f,hic.ceo,available,9.99,199.99,high,low,3,godaddy,,,01/10/2026 01:07
e6c3ee9e-db2d-418e-b714-78e2fff8f590,pickens.ceo,available,9.78,103.5,medium,low,7,porkbun,,,29/09/2026 10:02
81cfd269-98ab-457c-9c55-2ef3879abbce,deformed.ceo,available,9.99,124.98,medium,low,8,namecheap,,,13/08/2026 23:37
79fde877-791d-422c-b40e-0667a386c81a,owens.ceo,available,10.19,129.99,high,low,5,namesilo,,,30/09/2026 00:31
38556304-37fc-4fc4-a50b-bd6f96fdfe09,saccade.ceo,available,9.99,124.98,high,low,7,namecheap,,,22/08/2026 12:47
1170e7e7-15e4-4140-80e9-72212997f5a8,litoral.ceo,available,9.99,124.98,medium,low,7,namecheap,,,24/08/2026 07:36
61625b8c-49d7-4a38-b8e6-3f0d3dab6cb1,kew.ceo,available,10.19,129.99,high,low,3,namesilo,,,28/09/2026 11:39
21cd6cb2-eeea-4bb8-8ad0-f21487fbbeb4,showering.ceo,available,10.19,109.99,high,low,9,namesilo,,,
1a15d9c2-c18d-46f6-a4c6-6e8cd2900ed5,rinehart.ceo,available,9.19,103.7,medium,low,8,spaceship,,,29/09/2026 22:34
85d861e5-cbee-4430-af32-901c760bf872,foolish.ceo,premium,510.98,510.98,high,low,7,namesilo,,,24/09/2026 11:44
978c701d-18a3-496c-955c-b9ca8428e1ef,humor.ceo,premium,518.96,518.96,high,low,5,namecheap,,,24/09/2026 06:28
181f2fa3-11ff-4c9c-8bbe-c7186bd2cc19,agnostic.ceo,available,10.19,129.99,high,low,8,namesilo,,,21/09/2026 23:11
a7f68f9f-e458-4357-85af-71507b67cb88,landed.ceo,available,9.99,124.98,high,low,6,namecheap,,,22/08/2026 19:22
9e5acc6e-39eb-48a6-9cac-142dd8a3e42a,baudelaire.ceo,available,9.99,146.98,high,low,10,namecheap,,,22/09/2026 16:35
f70c314e-c580-4443-94b3-d29bb16428f3,arda.ceo,available,10.19,129.99,high,low,4,namesilo,,,17/09/2026 10:27
3e34d7c5-bf33-4f14-a949-4185b5a16c07,por.ceo,available,85.2,70.2,medium,low,3,cloudflare,,,28/09/2026 21:27
cdbe0a00-bf4e-4385-b4a0-6f279058d53f,focuses.ceo,available,10.19,129.99,medium,low,7,namesilo,,,20/09/2026 21:43
ab09ff0d-7bee-444a-9b86-8e9d4ee7af8d,anatidae.ceo,available,10.19,129.99,medium,low,8,namesilo,,,19/09/2026 03:26
8011c772-c903-4b76-a694-97a813866fec,undeniably.ceo,available,9.99,146.98,medium,low,10,namecheap,,,16/09/2026 09:52
e84acb86-e8c2-4eef-acce-21a5113b6f63,posture.ceo,available,9.19,103.7,high,low,7,spaceship,,,28/09/2026 08:17
85b7af3f-d455-428a-91fd-f4ab51757c04,appetising.ceo,available,9.99,124.98,medium,low,10,namecheap,,,06/08/2026 06:50
d3ea68ff-66d7-424f-adb3-f17779845237,scrutinise.ceo,available,10.19,129.99,medium,low,10,namesilo,,,21/09/2026 03:07
d2151bee-27a9-46a3-87cb-58468c04b93f,camping.ceo,available,10.19,129.99,high,low,7,namesilo,,,29/09/2026 02:56
28c8dbc7-d492-43f1-9474-63e591d611fb,grandad.ceo,available,9.78,103.5,high,low,7,porkbun,,,29/09/2026 21:10
fd59fdd3-7f10-4b00-91da-ffe99ee4c8c7,abvolt.ceo,available,9.99,146.98,medium,low,6,namecheap,,,16/09/2026 19:39
8b0a0491-b03c-4dc1-bfc0-523389c19d28,carpus.ceo,available,10.19,129.99,medium,low,6,namesilo,,,20/09/2026 11:32
7f6971cf-3b33-4123-a6f7-99d58db0f482,insurgent.ceo,available,9.99,124.98,medium,low,9,namecheap,,,22/08/2026 07:44
ce1e9fa8-50d7-4fa4-92eb-9795f6b2d83a,turtles.ceo,available,9.19,103.7,medium,low,7,spaceship,,,28/09/2026 23:52
b0a6b802-347f-40ed-90ce-0bafce6b0208,usance.ceo,available,9.99,124.98,medium,low,6,namecheap,,,13/08/2026 12:25
9ba792f4-a4ee-4a9e-897a-6a61d6a1ae8e,stevenson.ceo,available,9.99,146.98,high,low,9,namecheap,,,17/09/2026 08:37
f3c9010f-7535-43f3-9c15-88851ae92456,lecturer.ceo,available,10.19,129.99,high,low,8,namesilo,,,30/09/2026 10:24
56f9700f-e499-4fa5-b08a-05d13aa662f6,turtledove.ceo,available,10.19,129.99,medium,low,10,namesilo,,,21/09/2026 04:53
3c5b17f9-0416-485b-afd8-e979ea6ce4b2,fumble.ceo,available,10.19,129.99,high,low,6,namesilo,,,30/09/2026 16:28
ca61353f-27bd-4e33-8d2a-9ed0cf0f7ad2,absorbed.ceo,available,9.99,146.98,high,low,8,namecheap,,,21/09/2026 14:58
578d9b04-9f3f-4501-b278-754069ec3a35,amend.ceo,available,10.19,129.99,high,low,5,namesilo,,,01/10/2026 03:26
4cc46e24-3859-41f1-8167-b17318726070,preaching.ceo,available,85.2,70.2,high,low,9,cloudflare,,,28/09/2026 15:06
300e44a3-bd62-4573-909c-d219a801539f,customer.ceo,premium,413.37,413.37,high,low,8,spaceship,,,30/09/2026 15:48
899c3829-3c2c-4478-8260-29b32dff1f4f,annals.ceo,available,10.19,129.99,high,low,6,namesilo,,,19/09/2026 10:05
3f153980-4f00-4a2c-a86a-450df1ed2c2b,ardeb.ceo,available,9.99,146.98,medium,low,5,namecheap,,,20/09/2026 03:06
71734e0d-d2fd-4e2e-814e-95a3f19f01a6,compressed.ceo,available,9.99,146.98,high,low,10,namecheap,,,23/09/2026 18:05
72863faa-61f9-4dab-8af6-d0a114032666,assassination.ceo,available,9.19,103.7,medium,low,13,spaceship,,,28/09/2026 11:16
e4ade016-3aec-4aa2-879c-1edbcb75f481,multiflora.ceo,available,9.99,146.98,high,low,10,namecheap,,,21/09/2026 13:38
ec9544e5-2cd6-43fd-9acd-33ffca03ac32,qing.ceo,available,10.19,129.99,high,low,4,namesilo,,,27/09/2026 12:26
b5a46f4b-d00a-45b0-b7cc-2c8e8d6be32b,tex.ceo,available,10.19,129.99,medium,low,3,namesilo,,,29/09/2026 03:26
ab217424-dd51-4f33-bc25-33f48795a928,witness.ceo,available,10.19,129.99,high,low,7,namesilo,,,21/09/2026 01:35
4b7279d0-f37c-4021-8925-adc729fdd937,jaguar.ceo,available,9.99,107.22,high,medium,6,dynadot,,,29/09/2026 12:15
c365a1fe-3044-4697-a3eb-f7ad2f63c40f,juvenile.ceo,available,9.99,124.98,high,low,8,namecheap,,,22/08/2026 14:58
31b27ca3-8f9d-4cdb-ae7b-d72a857d41da,arere.ceo,available,10.19,129.99,medium,low,5,namesilo,,,20/09/2026 03:56
9f57b2cd-2b70-47f2-9807-b12daea01c37,extinction.ceo,available,9.19,103.7,high,low,10,spaceship,,,29/09/2026 13:38
9ced48c6-f1fc-47fd-81bb-260e95f2f7c4,galley.ceo,available,9.99,199.99,medium,low,6,godaddy,,,01/10/2026 01:14
1dd3e95f-781d-46e1-8402-8b77ffc963f8,sardonic.ceo,available,9.99,146.98,high,medium,8,namecheap,,,09/09/2026 21:31
43e1da26-6cd1-4b20-97dc-0dc73ce72b95,gia.ceo,available,10.19,129.99,high,low,3,namesilo,,,20/09/2026 06:34
5cd7eade-f20d-4467-aa8a-6aaa988e5fdb,silvery.ceo,available,9.99,124.98,high,low,7,namecheap,,,06/08/2026 17:56
0920d250-7f7a-476c-b133-9627c542f71a,sha.ceo,available,9.19,103.7,high,low,3,spaceship,,,30/09/2026 12:20
c6161c5d-b5be-4fec-ac78-a15cd7b9a5af,archimedes.ceo,available,10.19,129.99,medium,low,10,namesilo,,,20/09/2026 02:08
d7774ece-43fe-49a1-96a3-1fa746e4901d,chart.ceo,available,10.19,129.99,high,low,5,namesilo,,,29/09/2026 08:17
8a1c0206-4198-4f57-9d74-d280df140917,sparkle.ceo,available,9.19,103.7,high,low,7,spaceship,,,01/10/2026 01:34
c4c2c84e-37b5-44cf-8cf7-dc4837dc6621,luis.ceo,premium,254.72,254.72,high,low,4,namesilo,,,25/09/2026 14:41
b9790a4a-e35b-45ed-9f55-a23ac6d89067,lamps.ceo,available,10.19,129.99,medium,low,5,namesilo,,,29/09/2026 11:04
7d54db2f-f7ba-4a6b-a9b2-d86d1f0744e5,purple.ceo,available,10.19,129.99,high,medium,6,namesilo,,,24/09/2026 13:58
4d508cfa-de7b-4ad6-92b4-e599928c17f2,uphill.ceo,available,9.99,124.98,medium,low,6,namecheap,,,
d0c76c62-5a06-47f7-9388-d1779b6223e1,medusa.ceo,available,9.99,124.98,high,low,6,namecheap,,,24/08/2026 19:13
13846339-1e24-4cd7-9721-4647e203c563,outwards.ceo,available,9.99,146.98,medium,low,8,namecheap,,,04/09/2026 19:50
84340c95-aa64-49c3-8324-5df7ae6a0efb,strike.ceo,available,9.99,124.98,high,low,6,namecheap,,,25/08/2026 00:52
7205728a-7f3a-4f24-b688-ac280b12dfa3,injected.ceo,available,9.19,103.7,medium,low,8,spaceship,,,29/09/2026 10:57
e92f0232-9025-4641-8a66-e7ce0c8f3962,outer.ceo,available,85.2,70.2,high,low,5,cloudflare,,,01/10/2026 03:47
ced9e91f-09d7-466b-9a9c-82591924008c,monitors.ceo,available,9.19,103.7,high,low,8,spaceship,,,29/09/2026 00:02
a10d049d-9ed3-43d6-b67e-f395c9e2b8ea,hertford.ceo,available,9.19,103.7,medium,low,8,spaceship,,,29/09/2026 22:01
497c0292-3ab0-4bca-b341-65111cf7057b,nuke.ceo,available,10.19,129.99,high,low,4,namesilo,,,21/09/2026 00:16
a7cb7d43-bdfb-4f5b-becd-182fef932a46,amenra.ceo,available,9.99,146.98,medium,low,7,namecheap,,,18/09/2026 18:32
26b60f9a-9cfa-42cf-a4de-aa7c3372e22d,lille.ceo,available,10.19,129.99,high,low,5,namesilo,,,28/09/2026 06:10
968bd730-d265-42a8-ae6c-c62cba092aa9,morris.ceo,premium,254.72,254.72,high,low,6,namesilo,,,25/09/2026 05:42
58a99b1d-0ad7-410b-8021-18960ff8474c,recorder.ceo,available,10.19,129.99,high,low,8,namesilo,,,28/09/2026 09:46
3f8e7c56-d031-450e-b45d-850d09ddb68d,technologies.ceo,available,9.19,103.7,high,low,12,spaceship,,,30/09/2026 07:41
d895cad7-6ee5-4727-9122-0459043de3b1,seasick.ceo,available,9.99,124.98,medium,low,7,namecheap,,,
bdb26ead-fa09-412a-84c3-5934bf6ffb49,maroon.ceo,available,9.99,124.98,high,low,6,namecheap,,,11/08/2026 06:33
0f2273a5-9a19-46d4-8edc-d6424ba7fc25,dresses.ceo,available,10.19,129.99,medium,low,7,namesilo,,,18/09/2026 07:11
1775fec6-bb98-469d-bf8f-81abfee9611e,refrain.ceo,available,9.99,107.22,high,low,7,dynadot,,,28/09/2026 20:16
cf19906e-511f-48d4-aba5-c08aa38d7373,seemly.ceo,available,9.99,124.98,medium,low,6,namecheap,,,09/08/2026 06:27
36327bcb-cf9f-45d7-91cd-eaeaae8934d5,arnhem.ceo,available,10.19,129.99,medium,low,6,namesilo,,,20/09/2026 08:09
57012e3e-bf8f-4152-b33e-88e345aa8610,asama.ceo,available,10.19,129.99,medium,low,5,namesilo,,,20/09/2026 12:47
44715891-ffc7-460e-9eba-90776af8054b,ruffian.ceo,available,9.99,124.98,medium,low,7,namecheap,,,11/08/2026 08:41
4cd8e266-f8ad-494a-8668-ce57e00b3251,varying.ceo,available,9.99,146.98,high,low,7,namecheap,,,13/09/2026 01:31
4da17ed7-35c1-4c64-903b-97c098285554,databases.ceo,premium,206.17,206.17,medium,low,9,spaceship,,,30/09/2026 15:32
ca2dbde7-8ad5-4b3e-9cba-72d80c92b71b,autotype.ceo,available,10.19,129.99,medium,low,8,namesilo,,,21/09/2026 08:17
99be0bba-a5ce-4831-88bf-8a540130be8b,bergman.ceo,available,10.19,129.99,high,low,7,namesilo,,,23/09/2026 09:21
3e41e388-e5a3-40cb-994e-3d935a4197d7,patter.ceo,available,9.99,146.98,high,low,6,namecheap,,,15/09/2026 20:21
336fef1f-d14f-4f63-adaf-5fe4e5c93c31,immerse.ceo,available,9.99,146.98,high,low,7,namecheap,,,10/09/2026 19:49
9eef5737-bdaf-4d6d-82ca-16fa495c5948,caring.ceo,available,9.99,146.98,high,low,6,namecheap,,,23/09/2026 13:03
7f30cc91-6afb-4b5b-9a12-c838795141c1,lascivious.ceo,available,9.99,124.98,medium,low,10,namecheap,,,22/08/2026 20:04
ea9041e0-12b1-4a16-bac1-243e7f99d136,eonian.ceo,available,9.99,124.98,medium,low,6,namecheap,,,
995f24aa-1d87-4769-ae0b-81233c109177,aplite.ceo,available,19.99,149.99,medium,low,6,name.com,,,19/09/2026 17:42
0f0bc335-a5f8-4c85-b762-29fe4587daa3,sissified.ceo,available,9.99,124.98,medium,low,9,namecheap,,,12/08/2026 08:41
05ee8201-bc3c-4d2f-b0ca-bee98a9dace9,dust.ceo,available,9.99,146.98,high,low,4,namecheap,,,24/09/2026 21:05
5dee81e8-b458-4318-986b-705bda48cdac,jorge.ceo,premium,254.72,254.72,high,low,5,namesilo,,,25/09/2026 13:21
6830cb7c-a42a-4ca9-a018-4b801fce1bdf,barycenter.ceo,available,10.19,129.99,medium,low,10,namesilo,,,22/09/2026 09:39
051abbc6-5f7f-4325-9fee-6bf6194029d8,finest.ceo,available,10.19,129.99,high,low,6,namesilo,,,25/09/2026 18:42
7f8a78d0-4654-49b5-bf59-334d7308ef08,alsatian.ceo,available,9.99,124.98,medium,low,8,namecheap,,,
2b127861-0fb3-43a6-b1b2-0eeb93027232,maths.ceo,available,10.19,129.99,high,low,5,namesilo,,,30/09/2026 04:03
ea228c46-1fd6-474c-b315-87a91bcad432,gum.ceo,available,9.99,146.98,high,low,3,namecheap,,,24/09/2026 14:25
932c7310-743b-47a0-828b-0b9575a96f74,prestige.ceo,available,85.2,70.2,high,low,8,cloudflare,,,29/09/2026 07:53
4edcff55-3b0a-41a1-b799-1183cc24b007,forgetting.ceo,available,10.19,109.99,high,low,10,namesilo,,,
2f9cb142-e5bf-43bd-a966-4625d46acbb0,sift.ceo,available,85.2,70.2,high,low,4,cloudflare,,,30/09/2026 21:25
d29bf03f-fa21-474a-9cca-f49f001ad0ac,basting.ceo,available,10.19,129.99,medium,low,7,namesilo,,,22/09/2026 12:43
a2ceee28-08eb-46fc-98e1-350accb308e6,precedence.ceo,available,9.99,146.98,high,low,10,namecheap,,,19/09/2026 12:40
9a0a6e4b-48a2-4ddd-97d1-d94738a47b6d,attends.ceo,available,10.19,129.99,medium,low,7,namesilo,,,17/09/2026 22:27
9af989f4-541a-4e77-aab9-26f138ebdf7d,exploited.ceo,available,9.99,146.98,medium,low,9,namecheap,,,08/09/2026 15:46
cabe0569-25d4-451d-9313-f87b62add231,tendency.ceo,available,9.99,124.98,high,low,8,namecheap,,,22/08/2026 22:11
c6189e6b-b6f9-4653-ace8-f2726591eb63,gameplay.ceo,available,10.19,129.99,high,low,8,namesilo,,,30/09/2026 06:08
3d1c26f0-b8d6-4b4b-9de1-2f807361f8ed,evoked.ceo,available,9.99,124.98,medium,low,6,namecheap,,,16/08/2026 04:33
9aa44898-386a-4982-b452-8c50543c2d40,xxxvii.ceo,available,9.99,124.98,medium,low,6,namecheap,,,
19735462-0897-4e29-9bcc-790f4a3702dc,peggy.ceo,premium,254.72,254.72,high,low,5,namesilo,,,25/09/2026 13:02
0584a7cc-f4df-466c-8dcb-39774e6d98cb,astonishing.ceo,available,9.78,103.5,high,low,11,porkbun,,,29/09/2026 21:10
6fdf48ad-ff2b-4adc-bd79-08b53850ee4c,squarely.ceo,available,9.99,124.98,medium,low,8,namecheap,,,18/08/2026 12:39
1f4446f8-4017-4994-a5b3-741588320951,smiles.ceo,available,85.2,70.2,high,low,6,cloudflare,,,28/09/2026 22:27
136908a0-0cec-4052-aef4-5ae0c1b34a00,spur.ceo,available,9.99,146.98,high,low,4,namecheap,,,16/09/2026 20:35
d6809ce6-af79-445b-9cf3-72c1849a8033,antiphony.ceo,available,10.19,129.99,medium,low,9,namesilo,,,19/09/2026 14:57
62c4ca74-c820-4365-9d4d-75002594b70c,athelstan.ceo,available,9.99,146.98,medium,low,9,namecheap,,,20/09/2026 20:33
f1da9330-3a6c-453f-a41a-0f4b5137e9e0,obviously.ceo,available,10.19,129.99,high,low,9,namesilo,,,27/09/2026 03:52
6c92d62b-f611-4b00-b17e-337a4fec7cb4,reconcile.ceo,available,10.19,129.99,high,low,9,namesilo,,,29/09/2026 14:15
283a8ef8-08a0-4960-8f04-6cd9dda3ea8a,arbiter.ceo,available,10.19,129.99,high,low,7,namesilo,,,20/09/2026 00:41
bf143e5d-3773-49a9-8415-5cc9a47d12c3,aguacate.ceo,available,9.99,124.98,medium,low,8,namecheap,,,07/08/2026 23:46
e8d1e647-9bc6-4b10-a178-3c4849cd0618,jimmy.ceo,premium,206.17,206.17,high,low,5,spaceship,,,30/09/2026 00:48
88021fa3-186f-4aa6-8066-4cd6c540d537,robes.ceo,available,10.19,129.99,medium,low,5,namesilo,,,29/09/2026 23:27
694224a3-4e47-4cc4-b0ce-f188fd272886,separate.ceo,available,9.99,146.98,high,low,8,namecheap,,,24/09/2026 11:16
126f7341-a6dc-4a88-88fb-a82458ad0ac7,unattended.ceo,available,9.99,146.98,medium,low,10,namecheap,,,12/09/2026 01:17
7731410b-2e4e-4d69-be03-17af25a8e577,usa.ceo,premium,499,,high,medium,3,name.com,,,28/09/2026 20:55
bc45dd4c-281a-47ea-a1f9-8effb12f9638,crusade.ceo,available,9.19,103.7,medium,low,7,spaceship,,,28/09/2026 09:29
ae32bc0f-853a-40d6-8870-2b6d73bba943,bagpipe.ceo,available,9.99,146.98,high,low,7,namecheap,,,21/09/2026 18:26
5fd4e44c-3fd5-4f69-b29a-569faac8adfc,neapolitan.ceo,available,9.99,146.98,medium,low,10,namecheap,,,03/09/2026 14:18
0297aa56-4ebc-420a-81e0-01c0b5d50541,unrigged.ceo,available,9.99,146.98,medium,low,8,namecheap,,,12/09/2026 18:28
57a938eb-b653-4f2b-8569-0bfe8365de99,towers.ceo,available,10.19,129.99,medium,low,6,namesilo,,,28/09/2026 08:26
82650f0e-06a2-4b74-8438-503cbbdabe40,stores.ceo,premium,206.17,206.17,high,low,6,spaceship,,,29/09/2026 20:02
ac343633-777b-47a9-9453-897f59c5a349,riled.ceo,available,9.99,124.98,medium,low,5,namecheap,,,
78385881-44e4-4895-b144-e6b4b9cfc8d3,weird.ceo,available,10.19,129.99,high,low,5,namesilo,,,24/09/2026 13:41
85529c1f-3094-48b9-9bb0-9e60fea07552,bmi.ceo,available,10.19,129.99,high,medium,3,namesilo,,,24/09/2026 06:19
6d4ab606-83da-4602-9169-89cf52e18c6b,sedative.ceo,available,9.99,146.98,high,low,8,namecheap,,,22/09/2026 10:55
3ad26801-04ec-46cb-94dc-8f9afeeedd95,editor.ceo,premium,510.98,510.98,high,low,6,namesilo,,,25/09/2026 05:10
287e7ed1-5fc7-48bb-a63e-55d4778a91b6,lip.ceo,available,9.19,103.7,high,low,3,spaceship,,,29/09/2026 00:19
14053f12-8e7b-4472-a6d9-adb83c2b88c3,modify.ceo,available,9.99,107.22,high,low,6,dynadot,,,29/09/2026 06:19
a2d20735-d2f4-4726-ba0e-691e74b793fb,alacrity.ceo,available,9.99,146.98,high,low,8,namecheap,,,18/09/2026 01:37
9c86966d-14a4-42e4-8471-4d8a107ccb77,aberrance.ceo,available,10.19,129.99,medium,low,9,namesilo,,,16/09/2026 15:12
f9d72cfb-1e79-4cdf-a0a6-b940a061d6a5,constitute.ceo,available,85.2,70.2,high,low,10,cloudflare,,,29/09/2026 13:09
db8b7c6a-363a-4558-856e-836e21a5c70f,zola.ceo,available,10.19,129.99,medium,low,4,namesilo,,,29/09/2026 12:10
26fd0526-47d3-43b1-9594-44d17f5b20e6,dodgy.ceo,available,9.99,124.98,medium,low,5,namecheap,,,12/08/2026 01:46
28c5b7f5-9147-4c59-aa29-4937c4dc1784,latrobe.ceo,available,10.19,129.99,medium,low,7,namesilo,,,23/09/2026 08:20
722d2221-9796-46b8-857b-f4f34262ed3c,northrop.ceo,available,9.19,103.7,medium,low,8,spaceship,,,28/09/2026 10:11
5c0e74cb-dedc-4c41-b15a-c34fbdb1f70c,receiver.ceo,available,9.99,146.98,high,low,8,namecheap,,,28/09/2026 10:40
d562adef-a352-47f7-bb00-071d8482b96b,cheapjack.ceo,available,9.99,124.98,medium,low,9,namecheap,,,12/08/2026 03:25
e7e746fb-2706-4446-8181-286b2ac2de6c,stare.ceo,available,10.19,129.99,high,low,5,namesilo,,,28/09/2026 09:52
528212cf-7855-4807-8ea0-0a41dc69c96c,symbolical.ceo,available,9.99,124.98,medium,low,10,namecheap,,,16/08/2026 09:33
6408c6ad-706d-4aa4-9344-3473ce40c6db,reserves.ceo,available,9.78,103.5,high,low,8,porkbun,,,29/09/2026 13:26
87abfd31-7ce5-4ee1-9252-c00fe8fed089,collector.ceo,available,9.99,146.98,high,low,9,namecheap,,,16/09/2026 23:18
7f2d16c3-3004-424e-988a-3e04bf242b4c,yacht.ceo,premium,206.17,206.17,high,low,5,spaceship,,,28/09/2026 02:59
452c79f9-ebdd-4b26-92f2-14ff90ca6dcf,introduction.ceo,available,10.19,109.99,high,low,12,namesilo,,,
0e4f395a-6a56-47f8-bf5e-efb0b50f2757,mainstay.ceo,available,9.99,146.98,high,low,8,namecheap,,,21/09/2026 15:13
de896ad3-b80d-4252-bbb3-f6c194d684c8,beachfront.ceo,available,9.99,146.98,high,low,10,namecheap,,,22/09/2026 19:04
6bb0f28d-a977-4024-bc58-67dee6e11d1d,paprika.ceo,available,10.19,129.99,high,low,7,namesilo,,,23/09/2026 05:39
43219cce-8ec3-435d-a028-1f2bf72dff61,impellent.ceo,available,9.99,124.98,medium,low,9,namecheap,,,21/08/2026 22:03
54ce71a7-c29e-4539-8f92-86dc6b430baa,simulator.ceo,available,10.19,129.99,high,low,9,namesilo,,,30/09/2026 11:02
5638103b-2236-4719-aa09-3ad6f7a4788e,erwin.ceo,available,10.19,129.99,high,low,5,namesilo,,,27/09/2026 01:41
b18d3f0c-c7ba-4247-b9aa-9b2c5e6e64a4,garrett.ceo,premium,258.7,258.7,high,low,7,namecheap,,,25/09/2026 14:29
1c8923e7-6c49-4387-82e2-483a2891be74,seeable.ceo,available,9.99,146.98,high,low,7,namecheap,,,10/09/2026 01:41
b135b7fe-c34d-419a-8275-6965e72da6ad,genially.ceo,available,9.99,146.98,medium,low,8,namecheap,,,13/09/2026 17:52
6f96bce6-50ad-49a5-8db9-3d8bbb527d09,oncoming.ceo,available,9.99,146.98,medium,low,8,namecheap,,,04/09/2026 14:27
e0765777-b3d6-431d-8c0f-970dc438bf93,dovish.ceo,available,9.99,124.98,medium,low,6,namecheap,,,14/08/2026 17:07
1248faad-a6d4-46e4-aa9b-cfcda98a03de,mantic.ceo,available,9.99,124.98,medium,low,6,namecheap,,,14/08/2026 13:48
4fffebba-2de0-4775-9fd2-3d93350fcd0d,tioga.ceo,available,10.19,129.99,high,low,5,namesilo,,,30/09/2026 13:45
c9c391d3-6e43-45cb-a7fa-3c6d1887e690,beauty.ceo,premium,510.98,510.98,high,low,6,namesilo,,,29/09/2026 14:17
66ec5b60-7763-4313-87de-20e65c04f31e,lillie.ceo,premium,254.72,254.72,high,low,6,namesilo,,,22/09/2026 21:47
046acab6-8ac8-4bcf-8b7c-461461b96043,balderdash.ceo,available,9.99,146.98,medium,low,10,namecheap,,,21/09/2026 21:39
cd3132d3-df4b-4e9a-ba68-81b8a1931868,bicameral.ceo,available,9.99,124.98,medium,low,9,namecheap,,,09/08/2026 19:06
9e24085c-db1a-4049-95c1-39c49ce6799a,bakshis.ceo,available,10.19,129.99,medium,low,7,namesilo,,,21/09/2026 15:54
9fd85c75-e1b9-4bf8-81ae-e5438f203901,witty.ceo,available,10.19,129.99,high,low,5,namesilo,,,28/09/2026 10:42
5112ac8e-0951-4b30-9fa5-24015f0e0dcb,ontop.ceo,available,10.19,129.99,medium,low,6,namesilo,,,16/09/2026 09:10
74140224-d275-4d10-bd78-bd3087de59e9,burbank.ceo,available,85.2,70.2,high,low,7,cloudflare,,,30/09/2026 08:51
e5ef36ba-4864-4cd9-a694-405c2c658275,sourish.ceo,available,9.99,124.98,medium,low,7,namecheap,,,22/08/2026 23:29
2a432fe5-6b23-432d-980e-1967458b932f,antinode.ceo,available,10.19,129.99,medium,low,8,namesilo,,,19/09/2026 14:48
9015dfa1-9f00-4230-aa6b-0a56dd62a894,squealer.ceo,available,10.19,129.99,medium,low,8,namesilo,,,23/09/2026 11:32
23094a0b-7db3-4855-9726-2e9953ae5a1c,checkpoint.ceo,available,10.19,129.99,high,low,10,namesilo,,,24/09/2026 14:03
d4615133-8336-42a2-9f52-067b0a0a1f3c,furrowed.ceo,available,9.99,124.98,medium,low,8,namecheap,,,18/08/2026 18:55
fbffefb9-8dd2-4b77-a477-a96d498aa417,amide.ceo,available,9.99,146.98,high,low,5,namecheap,,,18/09/2026 21:35
486a2e4f-220c-44fb-8e5e-8dcb96ab6574,bosh.ceo,available,10.19,129.99,medium,low,4,namesilo,,,21/09/2026 23:47
9da6958a-478a-4df9-bc94-7ba011f2be27,saccharine.ceo,available,9.99,124.98,medium,low,10,namecheap,,,12/08/2026 12:48
11c5fbb9-6534-4901-a0a6-97ee026d52fe,unwelcome.ceo,available,9.99,146.98,medium,low,9,namecheap,,,12/09/2026 22:38
676aa0d6-82d6-4c86-82e8-7d5b05e1e079,contain.ceo,available,9.99,146.98,high,low,7,namecheap,,,24/09/2026 20:22
e43a0abf-6c31-45f4-997f-8d4c2c64ea85,montagu.ceo,available,10.19,129.99,medium,low,7,namesilo,,,20/09/2026 13:56
f6d57fba-f673-45b8-b966-2a1fb9fe301b,predilection.ceo,available,10.19,109.99,high,low,12,namesilo,,,
ee094220-f262-48ef-ba98-ad13addc7dc1,deliberate.ceo,available,9.99,124.98,high,low,10,namecheap,,,11/08/2026 13:56
78ffcd89-13aa-42fe-955d-67404f271d7c,illicit.ceo,available,9.99,124.98,high,low,7,namecheap,,,21/08/2026 19:50
26a5d8c9-c5d8-4e00-a550-7c4ab96cc743,nestling.ceo,available,9.99,124.98,high,low,8,namecheap,,,25/08/2026 00:18
a88aeed2-73b7-4460-92c2-26cec56ea498,granite.ceo,available,9.19,103.7,high,low,7,spaceship,,,28/09/2026 19:22
8f0eddd9-dd13-4fcd-a73e-0347af506037,workaday.ceo,available,9.99,124.98,medium,low,8,namecheap,,,17/08/2026 14:58
557330d1-8414-46fa-a0be-b49584b002dd,fdp.ceo,available,9.78,103.5,medium,low,3,porkbun,,,30/09/2026 06:45
3da1bd3d-1ad1-4dd6-b692-a0671a6b4eef,reportable.ceo,available,9.99,146.98,medium,low,10,namecheap,,,09/09/2026 14:36
8705266a-2892-4f87-9cae-3e534c7cbbc7,offending.ceo,available,9.99,146.98,medium,low,9,namecheap,,,04/09/2026 01:28
05d9c685-c6a8-4e70-9c89-02ac09235ee6,cathedra.ceo,available,10.19,129.99,high,low,8,namesilo,,,23/09/2026 21:50
ff8601fe-24d8-4d53-9e77-a7c568a06f59,cause.ceo,available,9.99,146.98,high,low,5,namecheap,,,24/09/2026 13:11
2e8cf6d4-27f4-4696-bad6-26853f38b99d,helicopter.ceo,available,10.19,129.99,high,low,10,namesilo,,,25/09/2026 05:19
a51a3cd4-8f4d-4fc0-a5b7-0095c29da21c,inadequate.ceo,available,9.99,124.98,medium,low,10,namecheap,,,22/08/2026 00:12
9251e2cf-8aa6-4035-bb52-a8cb8746cda1,yams.ceo,available,9.99,146.98,medium,low,4,namecheap,,,19/09/2026 22:19
ef55a9a2-e256-4030-b926-855658af7e16,pottery.ceo,available,10.19,129.99,high,low,7,namesilo,,,29/09/2026 06:22
6d07aab2-fd3a-4807-88c8-8116afc4c8de,anarchy.ceo,available,10.19,129.99,high,low,7,namesilo,,,19/09/2026 02:28
9afd197b-194a-4a5d-b028-816e0b9d4d78,axially.ceo,available,9.99,146.98,medium,low,7,namecheap,,,13/09/2026 22:57
28e2f2e8-3d59-4370-8bdd-853019660129,confirms.ceo,available,10.19,129.99,low,low,8,namesilo,,,29/09/2026 05:49
561667e5-2c0a-46bf-9d76-ff701ba94dfe,chromatic.ceo,available,9.99,124.98,high,low,9,namecheap,,,12/08/2026 07:22
1c54ca1c-14e3-463c-9ed4-31593f088023,bordering.ceo,available,9.19,103.7,high,low,9,spaceship,,,30/09/2026 12:10
1818fd28-b5b3-4b56-a142-7faaf411999e,corridor.ceo,available,9.99,107.22,high,low,8,dynadot,,,29/09/2026 11:39
c3f40855-1fb2-466b-9ba8-feb41ea2bca8,vaulting.ceo,available,9.99,146.98,high,low,8,namecheap,,,04/09/2026 21:34
4209c847-4698-4fa0-a4a9-70baabc8050f,biography.ceo,available,9.99,146.98,high,low,9,namecheap,,,23/09/2026 18:09
f77ac403-13f7-4e72-b172-f42dfa336274,revocable.ceo,available,9.99,146.98,medium,low,9,namecheap,,,09/09/2026 16:21
6cdfe7ba-a0bf-49d0-8571-00e7d5751993,addicts.ceo,available,9.99,199.99,medium,low,7,godaddy,,,01/10/2026 00:46
599755b3-e330-47ef-b09d-c35fbec39a08,plugged.ceo,available,9.99,146.98,high,low,7,namecheap,,,08/09/2026 21:30
f9b1de20-77fc-4e81-a930-54bca843894e,sabbath.ceo,available,10.19,129.99,high,low,7,namesilo,,,29/09/2026 13:53
e133a30b-ebbf-4406-913d-705b68a07f37,technique.ceo,available,10.19,129.99,high,low,9,namesilo,,,28/09/2026 08:09
612103b8-8b0c-41d8-babc-2058446d1912,weighty.ceo,available,9.99,124.98,medium,low,7,namecheap,,,12/08/2026 15:37